<?xml version="1.0" encoding="UTF-8"?>
<project-private xmlns="http://www.netbeans.org/ns/project-private/1">
    <editor-bookmarks xmlns="http://www.netbeans.org/ns/editor-bookmarks/2" lastBookmarkId="0"/>
    <open-files xmlns="http://www.netbeans.org/ns/projectui-open-files/2">
        <group>
            <file>file:/C:/Users/agath/Desktop/Cours%20info/workspace/univ/Structures%20de%20données%20en%20java/TP2%20-%20Bibliothèque/Etudiant/Bibliotheque/src/Fenetre.java</file>
            <file>file:/C:/Users/agath/Desktop/Cours%20info/workspace/univ/Structures%20de%20données%20en%20java/TP2%20-%20Bibliothèque/Etudiant/Bibliotheque/src/TestLivre.java</file>
            <file>file:/C:/Users/agath/Desktop/Cours%20info/workspace/univ/Structures%20de%20données%20en%20java/TP2%20-%20Bibliothèque/Etudiant/Bibliotheque/src/TestBibliotheque.java</file>
            <file>file:/C:/Users/agath/Desktop/Cours%20info/workspace/univ/Structures%20de%20données%20en%20java/TP2%20-%20Bibliothèque/Etudiant/Bibliotheque/src/LancerAppli.java</file>
            <file>file:/C:/Users/agath/Desktop/Cours%20info/workspace/univ/Structures%20de%20données%20en%20java/TP2%20-%20Bibliothèque/Etudiant/Bibliotheque/src/UnLivre.java</file>
            <file>file:/C:/Users/agath/Desktop/Cours%20info/workspace/univ/Structures%20de%20données%20en%20java/TP2%20-%20Bibliothèque/Etudiant/Bibliotheque/src/Bibliotheque.java</file>
        </group>
    </open-files>
</project-private>
