{"name": "Midnight Exploration part 5", "version": "1.0", "location": {"callable": {}, "screen": {"load": ["game/screens.rpy", 593], "help": ["game/screens.rpy", 972], "say": ["game/screens.rpy", 98], "notify": ["game/screens.rpy", 1256], "keyboard_help": ["game/screens.rpy", 1001], "gamepad_help": ["game/screens.rpy", 1071], "preferences": ["game/screens.rpy", 715], "confirm": ["game/screens.rpy", 1137], "mouse_help": ["game/screens.rpy", 1048], "input": ["game/screens.rpy", 174], "save": ["game/screens.rpy", 586], "skip_indicator": ["game/screens.rpy", 1200], "file_slots": ["game/screens.rpy", 600], "choice": ["game/screens.rpy", 207], "game_menu": ["game/screens.rpy", 420], "main_menu": ["game/screens.rpy", 355], "nvl": ["game/screens.rpy", 1295], "quick_menu": ["game/screens.rpy", 1417], "about": ["game/screens.rpy", 546], "nvl_dialogue": ["game/screens.rpy", 1327], "navigation": ["game/screens.rpy", 292], "history": ["game/screens.rpy", 882]}, "define": {"gui.accent_color": ["game/gui.rpy", 27], "gui.interface_text_size": ["game/gui.rpy", 78], "build.name": ["game/options.rpy", 43], "gui.bar_tile": ["game/gui.rpy", 329], "gui.nvl_thought_xpos": ["game/gui.rpy", 408], "gui.slot_button_text_idle_color": ["game/gui.rpy", 239], "config.history_length": ["game/gui.rpy", 353], "config.after_load_transition": ["game/options.rpy", 90], "gui.page_spacing": ["game/gui.rpy", 282], "gui.page_button_borders": ["game/gui.rpy", 195], "Rchara": ["game/script.rpy", 71], "gui.idle_color": ["game/gui.rpy", 31], "config.window": ["game/options.rpy", 113], "gui.slider_tile": ["game/gui.rpy", 331], "gui.main_menu_text_xalign": ["game/gui.rpy", 288], "gui.nvl_button_xalign": ["game/gui.rpy", 415], "gui.nvl_text_ypos": ["game/gui.rpy", 402], "gui.frame_borders": ["game/gui.rpy", 298], "gui.nvl_list_length": ["game/gui.rpy", 383], "gui.slot_button_borders": ["game/gui.rpy", 236], "gui.scrollbar_borders": ["game/gui.rpy", 335], "config.enter_transition": ["game/options.rpy", 79], "gui.pref_spacing": ["game/gui.rpy", 276], "gui.dialogue_text_xalign": ["game/gui.rpy", 145], "gui.nvl_text_xpos": ["game/gui.rpy", 401], "config.window_icon": ["game/options.rpy", 159], "gui.muted_color": ["game/gui.rpy", 52], "gui.dialogue_ypos": ["game/gui.rpy", 137], "config.has_sound": ["game/options.rpy", 51], "gui.button_text_font": ["game/gui.rpy", 167], "gui.nvl_name_ypos": ["game/gui.rpy", 396], "gui.game_menu_background": ["game/gui.rpy", 94], "gui.choice_button_text_hover_color": ["game/gui.rpy", 222], "gui.nvl_button_xpos": ["game/gui.rpy", 414], "gui.name_xalign": ["game/gui.rpy", 118], "gui.namebox_borders": ["game/gui.rpy", 127], "gui.frame_tile": ["game/gui.rpy", 310], "gui.nvl_text_xalign": ["game/gui.rpy", 404], "gui.vbar_borders": ["game/gui.rpy", 339], "config.end_game_transition": ["game/options.rpy", 95], "gui.slot_button_text_size": ["game/gui.rpy", 237], "l": ["game/script.rpy", 69], "gui.dialogue_xpos": ["game/gui.rpy", 136], "gui.namebox_height": ["game/gui.rpy", 123], "config.version": ["game/options.rpy", 29], "gui.history_text_width": ["game/gui.rpy", 369], "gui.radio_button_borders": ["game/gui.rpy", 189], "gui.button_text_size": ["game/gui.rpy", 170], "config.window_hide_transition": ["game/options.rpy", 119], "gui.about": ["game/options.rpy", 35], "gui.vslider_borders": ["game/gui.rpy", 341], "gui.navigation_spacing": ["game/gui.rpy", 273], "gui.choice_button_borders": ["game/gui.rpy", 217], "config.intra_transition": ["game/options.rpy", 85], "gui.slot_button_width": ["game/gui.rpy", 234], "gui.choice_button_text_xalign": ["game/gui.rpy", 220], "gui.show_name": ["game/options.rpy", 24], "gui.slot_button_text_selected_hover_color": ["game/gui.rpy", 241], "gui.title_text_size": ["game/gui.rpy", 87], "gui.slot_button_text_selected_idle_color": ["game/gui.rpy", 240], "gui.button_text_idle_color": ["game/gui.rpy", 173], "gui.notify_frame_borders": ["game/gui.rpy", 307], "c": ["game/script.rpy", 70], "gui.navigation_xpos": ["game/gui.rpy", 261], "gui.slot_button_height": ["game/gui.rpy", 235], "gui.history_text_ypos": ["game/gui.rpy", 368], "config.nvl_list_length": ["game/screens.rpy", 1348], "gui.notify_text_size": ["game/gui.rpy", 84], "config.has_voice": ["game/options.rpy", 53], "gui.selected_color": ["game/gui.rpy", 43], "gui.history_text_xpos": ["game/gui.rpy", 367], "gui.skip_frame_borders": ["game/gui.rpy", 304], "gui.confirm_button_text_xalign": ["game/gui.rpy", 193], "gui.text_font": ["game/gui.rpy", 63], "gui.history_name_xpos": ["game/gui.rpy", 361], "gui.main_menu_background": ["game/gui.rpy", 93], "gui.button_width": ["game/gui.rpy", 155], "gui.button_text_selected_color": ["game/gui.rpy", 175], "gui.nvl_thought_ypos": ["game/gui.rpy", 409], "config.save_directory": ["game/options.rpy", 152], "gui.skip_ypos": ["game/gui.rpy", 264], "gui.namebox_tile": ["game/gui.rpy", 131], "gui.nvl_text_width": ["game/gui.rpy", 403], "gui.hover_color": ["game/gui.rpy", 38], "gui.interface_text_color": ["game/gui.rpy", 57], "config.thumbnail_width": ["game/gui.rpy", 245], "gui.idle_small_color": ["game/gui.rpy", 35], "config.exit_transition": ["game/options.rpy", 80], "gui.button_text_xalign": ["game/gui.rpy", 180], "gui.name_xpos": ["game/gui.rpy", 113], "gui.name_text_size": ["game/gui.rpy", 75], "gui.history_text_xalign": ["game/gui.rpy", 370], "gui.file_slot_rows": ["game/gui.rpy", 251], "gui.button_text_insensitive_color": ["game/gui.rpy", 176], "gui.hover_muted_color": ["game/gui.rpy", 53], "gui.scrollbar_size": ["game/gui.rpy", 324], "gui.quick_button_text_selected_color": ["game/gui.rpy", 200], "gui.nvl_thought_width": ["game/gui.rpy", 410], "gui.history_height": ["game/gui.rpy", 357], "gui.text_size": ["game/gui.rpy", 72], "gui.unscrollable": ["game/gui.rpy", 345], "gui.choice_button_text_font": ["game/gui.rpy", 218], "gui.slot_spacing": ["game/gui.rpy", 285], "gui.quick_button_text_idle_color": ["game/gui.rpy", 199], "config.window_show_transition": ["game/options.rpy", 118], "config.narrator_menu": ["game/screens.rpy", 217], "gui.nvl_height": ["game/gui.rpy", 387], "gui.choice_button_height": ["game/gui.rpy", 215], "gui.nvl_spacing": ["game/gui.rpy", 391], "quick_menu": ["game/screens.rpy", 271], "gui.insensitive_color": ["game/gui.rpy", 47], "gui.bar_borders": ["game/gui.rpy", 334], "gui.dialogue_width": ["game/gui.rpy", 140], "gui.scrollbar_tile": ["game/gui.rpy", 330], "gui.quick_button_text_size": ["game/gui.rpy", 198], "config.has_music": ["game/options.rpy", 52], "gui.textbox_height": ["game/gui.rpy", 103], "gui.file_slot_cols": ["game/gui.rpy", 250], "gui.text_color": ["game/gui.rpy", 56], "gui.history_name_xalign": ["game/gui.rpy", 364], "config.name": ["game/options.rpy", 18], "gui.button_text_hover_color": ["game/gui.rpy", 174], "gui.textbox_yalign": ["game/gui.rpy", 107], "gui.nvl_name_width": ["game/gui.rpy", 397], "gui.choice_button_text_idle_color": ["game/gui.rpy", 221], "gui.button_borders": ["game/gui.rpy", 160], "gui.button_tile": ["game/gui.rpy", 164], "gui.choice_button_tile": ["game/gui.rpy", 216], "gui.history_name_width": ["game/gui.rpy", 363], "gui.language": ["game/gui.rpy", 423], "gui.notify_ypos": ["game/gui.rpy", 267], "gui.nvl_name_xalign": ["game/gui.rpy", 398], "gui.label_text_size": ["game/gui.rpy", 81], "gui.nvl_thought_xalign": ["game/gui.rpy", 411], "gui.namebox_width": ["game/gui.rpy", 122], "gui.choice_button_text_insensitive_color": ["game/gui.rpy", 223], "gui.slider_borders": ["game/gui.rpy", 336], "gui.history_allow_tags": ["game/screens.rpy", 922], "gui.name_text_font": ["game/gui.rpy", 66], "gui.name_ypos": ["game/gui.rpy", 114], "gui.nvl_borders": ["game/gui.rpy", 379], "a": ["game/script.rpy", 68], "gui.pref_button_spacing": ["game/gui.rpy", 279], "config.thumbnail_height": ["game/gui.rpy", 246], "gui.bar_size": ["game/gui.rpy", 323], "gui.choice_button_width": ["game/gui.rpy", 214], "gui.interface_text_font": ["game/gui.rpy", 69], "e": ["game/script.rpy", 66], "i": ["game/script.rpy", 67], "gui.history_name_ypos": ["game/gui.rpy", 362], "gui.slot_button_text_xalign": ["game/gui.rpy", 238], "gui.nvl_name_xpos": ["game/gui.rpy", 395], "gui.confirm_frame_borders": ["game/gui.rpy", 301], "gui.slider_size": ["game/gui.rpy", 325], "gui.button_height": ["game/gui.rpy", 156], "gui.check_button_borders": ["game/gui.rpy", 191], "gui.choice_spacing": ["game/gui.rpy", 270], "gui.quick_button_borders": ["game/gui.rpy", 197], "gui.choice_button_text_size": ["game/gui.rpy", 219], "gui.vscrollbar_borders": ["game/gui.rpy", 340]}, "transform": {"delayed_blink": ["game/screens.rpy", 1218], "notify_appear": ["game/screens.rpy", 1267]}, "label": {"suite2": ["game/script.rpy", 199], "suite3": ["game/script.rpy", 292], "suite4": ["game/script.rpy", 297], "start": ["game/script.rpy", 75], "choixExplorer": ["game/script.rpy", 123], "choixReflexion": ["game/script.rpy", 222], "choixUtiliserObjet": ["game/script.rpy", 157], "choixPorte": ["game/script.rpy", 182], "choixFuir": ["game/script.rpy", 264]}}, "error": false, "size": [1280, 720], "build": {"documentation_patterns": ["*.html", "*.txt"], "directory_name": "MidnightExplorationpart5-1.0", "display_name": "Midnight Exploration part 5", "mac_info_plist": {}, "script_version": true, "destination": "MidnightExplorationpart5-1.0-dists", "renpy": false, "allow_integrated_gpu": true, "include_update": false, "merge": [["linux_i686", "linux"], ["windows_i686", "windows"]], "base_patterns": [["*.py", null], ["*.sh", null], ["*.app/", null], ["*.dll", null], ["*.manifest", null], ["lib/", null], ["renpy/", null], ["update/", null], ["common/", null], ["update/", null], ["icon.ico", null], ["icon.icns", null], ["project.json", null], ["log.txt", null], ["errors.txt", null], ["traceback.txt", null], ["image_cache.txt", null], ["text_overflow.txt", null], ["dialogue.txt", null], ["dialogue.tab", null], ["profile_screen.txt", null], ["files.txt", null], ["memory.txt", null], ["tmp/", null], ["game/saves/", null], ["game/bytecode.rpyb", null], ["archived/", null], ["launcherinfo.py", null], ["android.txt", null], ["game/presplash*.*", ["all"]], [".android.json", ["android"]], ["android-*.png", ["android"]], ["android-*.jpg", ["android"]], ["ouya_icon.png", null], ["ios-presplash.*", ["ios"]], ["ios-launchimage.png", null], ["ios-icon.png", null], ["web-presplash.png", ["web"]], ["web-presplash.jpg", ["web"]], ["web-presplash.webp", ["web"]], ["progressive_download.txt", ["web"]], ["steam_appid.txt", null], ["**~", null], ["**.bak", null], ["**/.**", null], ["**/#**", null], ["**/thumbs.db", null], [".*", null], ["**", ["all"]]], "version": "1.0", "change_icon_i686": true, "archives": [["archive", ["all"]]], "xbit_patterns": ["**.sh", "lib/linux-*/*", "lib/mac-*/*", "**.app/Contents/MacOS/*"], "exclude_empty_directories": true, "renpy_patterns": [["renpy/common/_compat/**", null], ["renpy/common/_roundrect/**", null], ["renpy/common/_outline/**", null], ["renpy/common/_theme**", null], ["**~", null], ["**/#*", null], ["**/.*", null], ["**.old", null], ["**.new", null], ["**.rpa", null], ["**/*.pyc", null], ["renpy.py", ["all"]], ["renpy/", ["all"]], ["renpy/**.py", ["renpy"]], ["renpy/**.pyx", ["renpy"]], ["renpy/**.pyd", ["renpy"]], ["renpy/**.pxi", ["renpy"]], ["renpy/common/", ["all"]], ["renpy/common/_compat/**", ["renpy"]], ["renpy/common/**.rpy", ["renpy"]], ["renpy/common/**.rpym", ["renpy"]], ["renpy/common/_compat/**", ["renpy"]], ["renpy/common/**", ["all"]], ["renpy/**", ["all"]], ["lib/*/renpy", null], ["lib/*/renpy.exe", null], ["lib/*/pythonw.exe", null], ["lib/windows-i686/**", ["windows_i686"]], ["lib/windows-x86_64/**", ["windows"]], ["lib/linux-i686/**", ["linux_i686"]], ["lib/linux-*/**", ["linux"]], ["lib/mac-*/**", ["mac"]], ["/lib/**", ["windows", "linux", "mac", "android", "ios"]], ["renpy.sh", ["linux", "mac"]]], "packages": [{"dlc": false, "hidden": false, "description": "PC: Windows and Linux", "formats": ["zip"], "file_lists": ["windows", "linux", "renpy", "all"], "update": true, "name": "pc"}, {"dlc": false, "hidden": false, "description": "Linux", "formats": ["tar.bz2"], "file_lists": ["linux", "renpy", "all"], "update": true, "name": "linux"}, {"dlc": false, "hidden": false, "description": "Macintosh", "formats": ["app-zip", "app-dmg"], "file_lists": ["mac", "renpy", "all"], "update": true, "name": "mac"}, {"dlc": false, "hidden": false, "description": "Windows", "formats": ["zip"], "file_lists": ["windows", "renpy", "all"], "update": true, "name": "win"}, {"dlc": false, "hidden": false, "description": "Windows, Mac, Linux for Markets", "formats": ["zip"], "file_lists": ["windows", "linux", "mac", "renpy", "all"], "update": true, "name": "market"}, {"dlc": false, "hidden": true, "description": "steam", "formats": ["zip"], "file_lists": ["windows", "linux", "mac", "renpy", "all"], "update": true, "name": "steam"}, {"dlc": true, "hidden": true, "description": "android", "formats": ["directory"], "file_lists": ["android", "all"], "update": false, "name": "android"}, {"dlc": true, "hidden": true, "description": "ios", "formats": ["directory"], "file_lists": ["ios", "all"], "update": false, "name": "ios"}, {"dlc": true, "hidden": true, "description": "web", "formats": ["zip"], "file_lists": ["web", "all"], "update": false, "name": "web"}], "executable_name": "MidnightExplorationpart5"}}