<?xml version="1.0" encoding="UTF-8"?>
<project-private xmlns="http://www.netbeans.org/ns/project-private/1">
    <editor-bookmarks xmlns="http://www.netbeans.org/ns/editor-bookmarks/2" lastBookmarkId="0"/>
    <open-files xmlns="http://www.netbeans.org/ns/projectui-open-files/2">
        <group>
            <file>file:/C:/Users/agath/OneDrive/Bureau/Workspace/univ/Genie%20Logiciel2/TP1/magasin/src/etat/EtatIHMAdmin.java</file>
            <file>file:/C:/Users/agath/OneDrive/Bureau/Workspace/univ/Genie%20Logiciel2/TP1/magasin/src/decorateurMagasin/DecorateurIHMChoixUtilisateur.java</file>
            <file>file:/C:/Users/agath/OneDrive/Bureau/Workspace/univ/Genie%20Logiciel2/TP1/magasin/src/etat/EtatIHM.java</file>
            <file>file:/C:/Users/agath/OneDrive/Bureau/Workspace/univ/Genie%20Logiciel2/TP1/magasin/src/etat/EtatIHMChoix.java</file>
            <file>file:/C:/Users/agath/OneDrive/Bureau/Workspace/univ/Genie%20Logiciel2/TP1/magasin/src/decorateurMagasin/DecorateurIHM.java</file>
            <file>file:/C:/Users/agath/OneDrive/Bureau/Workspace/univ/Genie%20Logiciel2/TP1/magasin/src/ClassePrincipale.java</file>
            <file>file:/C:/Users/agath/OneDrive/Bureau/Workspace/univ/Genie%20Logiciel2/TP1/magasin/src/decorateurMagasin/DecorateurIHMStock.java</file>
            <file>file:/C:/Users/agath/OneDrive/Bureau/Workspace/univ/Genie%20Logiciel2/TP1/magasin/src/decorateurMagasin/AbstractionIHM.java</file>
            <file>file:/C:/Users/agath/OneDrive/Bureau/Workspace/univ/Genie%20Logiciel2/TP1/magasin/src/etat/Controleur.java</file>
            <file>file:/C:/Users/agath/OneDrive/Bureau/Workspace/univ/Genie%20Logiciel2/TP1/magasin/src/decorateurMagasin/DecorateurIHMVendeur.java</file>
            <file>file:/C:/Users/agath/OneDrive/Bureau/Workspace/univ/Genie%20Logiciel2/TP1/magasin/src/etat/EtatIHMStock.java</file>
            <file>file:/C:/Users/agath/OneDrive/Bureau/Workspace/univ/Genie%20Logiciel2/TP1/magasin/src/decorateurMagasin/DecorateurIHMAdmin.java</file>
            <file>file:/C:/Users/agath/OneDrive/Bureau/Workspace/univ/Genie%20Logiciel2/TP1/magasin/src/decorateurMagasin/ImplementationIHM.java</file>
            <file>file:/C:/Users/agath/OneDrive/Bureau/Workspace/univ/Genie%20Logiciel2/TP1/magasin/src/etat/EtatIHMVendeur.java</file>
        </group>
    </open-files>
</project-private>
