<?xml version="1.0" encoding="UTF-8"?>
<project-private xmlns="http://www.netbeans.org/ns/project-private/1">
    <editor-bookmarks xmlns="http://www.netbeans.org/ns/editor-bookmarks/2" lastBookmarkId="0"/>
    <open-files xmlns="http://www.netbeans.org/ns/projectui-open-files/2">
        <group>
            <file>file:/C:/Users/agath/Desktop/Cours%20info/workspace/univ/Structures%20de%20données%20en%20java/TDTP9%20-%20Tournoi/Tournoi/src/Arbre.java</file>
            <file>file:/C:/Users/agath/Desktop/Cours%20info/workspace/univ/Structures%20de%20données%20en%20java/TDTP9%20-%20Tournoi/Tournoi/src/Fenetre.java</file>
            <file>file:/C:/Users/agath/Desktop/Cours%20info/workspace/univ/Structures%20de%20données%20en%20java/TDTP9%20-%20Tournoi/Tournoi/src/TestTournoi.java</file>
            <file>file:/C:/Users/agath/Desktop/Cours%20info/workspace/univ/Structures%20de%20données%20en%20java/TDTP9%20-%20Tournoi/Tournoi/src/TestArbre.java</file>
        </group>
    </open-files>
</project-private>
