-- tables 1FN
DROP TABLE IF EXISTS locations1;

CREATE TABLE locations1 (
  NoClient integer,
  NomClient varchar(100),
  AdresseClient varchar(100),
  NoDVD integer,
  PrixAchat integer,
  Titre varchar(100),
  Duree integer,
  NomEditeur varchar(100),
  AdresseEditeur varchar(100),
  Realisateur varchar(100),
  AnneeSortie integer,
  Genre varchar(100),
  DateLocation date,
  DureeLocation integer,
  PRIMARY KEY (NoDVD, DateLocation)
 );

----------------------------------------
-- tables 2FN
DROP TABLE IF EXISTS locations2, dvds2 CASCADE;

CREATE TABLE dvds2 (
  NoDVD integer,
  PrixAchat integer,
  Titre varchar(100),
  Duree integer,
  NomEditeur varchar(100),
  AdresseEditeur varchar(100),
  Realisateur varchar(100),
  AnneeSortie integer,
  Genre varchar(100),
  PRIMARY KEY (NoDVD)
 );

 CREATE TABLE locations2 (
  NoDVD integer,
  DateLocation date,
  NoClient integer,
  NomClient varchar(100),
  AdresseClient varchar(100),
  DureeLocation integer,
  PRIMARY KEY (NoDVD, DateLocation),
  FOREIGN KEY (NoDVD) references dvds2(NoDVD)
);

----------------------------------------
-- tables 3FN
DROP TABLE IF EXISTS locations3, dvds3, films3, editeurs3, clients3 CASCADE;

CREATE TABLE editeurs3 (
  NomEditeur varchar(100),
  AdresseEditeur varchar(100),
  PRIMARY KEY (NomEditeur)
);

CREATE TABLE films3 (
  Titre varchar(100),
  Duree integer,
  NomEditeur varchar(100),
  Realisateur varchar(100),
  AnneeSortie integer,
  Genre varchar(100),
  PRIMARY KEY (Titre),
  FOREIGN KEY (NomEditeur) REFERENCES editeurs3(NomEditeur)
);

CREATE TABLE dvds3 (
  NoDVD integer,
  PrixAchat integer,
  Titre varchar(100),
  PRIMARY KEY (NoDVD),
  FOREIGN KEY (Titre) REFERENCES films3(Titre)
);

CREATE TABLE clients3 (
  NoClient integer,
  NomClient varchar(100),
  AdresseClient varchar(100),
  PRIMARY KEY (NoClient)  
);

CREATE TABLE locations3 (
  NoDVD integer,
  DateLocation date,
  NoClient integer,
  DureeLocation integer,
  PRIMARY KEY (NoDVD, DateLocation),
  FOREIGN KEY (NoDVD) references dvds3(NoDVD)
);

----------------------------------------

INSERT INTO editeurs3
VALUES
 ('Aenean Egestas Hendrerit Corporation','5465 Aenean Rd.'),
 ('Cursus Limited','P.O. Box 646, 2754 Et St.'),
 ('Egestas Aliquam Fringilla Foundation','3133 Et Rd.'),
 ('In Industries','Ap #974-1906 Nec Rd.'),
 ('Lorem Eget Mollis Corp.','P.O. Box 561, 7081 Enim St.'),
 ('Mauris Sit Amet Corporation','423-9243 Id St.'),
 ('Nullam Nisl Maecenas Foundation','6397 Nibh. Avenue'),
 ('Pretium Aliquet Metus Industries','1961 Nec St.'),
 ('Sem Incorporated','610-6554 Aliquam Street'),
 ('Ridiculus Incorporated','231-5516 Ut Rd.');


INSERT INTO films3 VALUES
('Birdemic Shock and Terror','105','Aenean Egestas Hendrerit Corporation','James Nguyen','2010','horror'),
('Overboard','106','Cursus Limited','Garry Marshall','1987','comedy'),
('Going Overboard','99','Egestas Aliquam Fringilla Foundation','Valerie Breiman','1989','comedy'),
('Simples secrets','98','In Industries','Jerry Zaks','1996','drama'),
('Iron Sky','93','Lorem Eget Mollis Corp.','Timo Vuorensola','2012','action'),
('Tucker et Dale fightent le mal','89','Mauris Sit Amet Corporation','Eli Craig','2010','comedy'),
('Quills la plume et le sang','124','Nullam Nisl Maecenas Foundation','Philip Kaufman','2000','biography'),
('The Machinist','101','Pretium Aliquet Metus Industries','Brad Anderson','2004','drama'),
('Swimming with Sharks','101','Sem Incorporated','George Huang','1994','comedy'),
('Barton Fink','116','Ridiculus Incorporated','Joel Coen','1991','comedy'),
('Peur bleue','95','Lorem Eget Mollis Corp.','Daniel Attias','1985','drama'),
('The Man from Earth','87','Lorem Eget Mollis Corp.','Richard Schenkman','2007','drama'),
('Le grand tournoi','95','Mauris Sit Amet Corporation','Jean-Claude Van Damme','1996','action'),
('The Nine Lives of Fritz the Cat','77','Aenean Egestas Hendrerit Corporation','Robert Taylor','1974','animation'),
('Remo sans arme et dangereux','121','Cursus Limited','Guy Hamilton','1985','action'),
('La fureur du juste','103','In Industries','Eric Karson','1980','action'),
('Airport','137','Mauris Sit Amet Corporation','George Seaton','1970','drama'),
('747 en peril','107','Nullam Nisl Maecenas Foundation','Jack Smight','1974','action'),
('Cool World','102','Sem Incorporated','Ralph Bakshi','1992','animation'),
('Le journal','112','Ridiculus Incorporated','Ron Howard','1994','comedy'),
('Paper Man','110','Sem Incorporated','Kieran Mulroney','2009','comedy'),
('Atlas Shrugged Part I','97','Nullam Nisl Maecenas Foundation','Paul Johansson','2011','drama'),
('Bernie','99','Mauris Sit Amet Corporation','Richard Linklater','2011','comedy'),
('Jeff Who Lives at Home','83','Egestas Aliquam Fringilla Foundation','Jay Duplass','2011','comedy'),
('Le discours d un roi','118','Cursus Limited','Tom Hooper','2010','biography'),
('Butter','90','In Industries','Jim Field Smith','2011','comedy'),
('Bottle Shock','110','In Industries','Randall Miller','2008','comedy'),
('Ghost','127','Lorem Eget Mollis Corp.','Jerry Zucker','1990','drama'),
('Les coulisses de l exploit','119','Aenean Egestas Hendrerit Corporation','John Sayles','1988','drama'),
('Objectif Terrienne','100','Cursus Limited','Julien Temple','1988','comedy'),
('Flowers in the Attic','93','Nullam Nisl Maecenas Foundation','Jeffrey Bloom','1987','drama'),
('Happy Texas','98','Egestas Aliquam Fringilla Foundation','Mark Illsley','1999','comedy'),
('Le cheval venu de la mer','97','Sem Incorporated','Mike Newell','1992','family'),
('Lucky','103','Ridiculus Incorporated','Gil Cates Jr.','2011','comedy'),
('Les 2 sirenes','110','Pretium Aliquet Metus Industries','Richard Benjamin','1990','comedy'),
('Jamais sans ma fille','116','Aenean Egestas Hendrerit Corporation','Brian Gilbert','1991','drama'),
('The Parking Lot Movie','74','Aenean Egestas Hendrerit Corporation','Meghan Eckman','2010','documentary'),
('Dernieres heures a Denver','115','In Industries','Gary Fleder','1995','crime'),
('Humboldt County','97','Egestas Aliquam Fringilla Foundation','Darren Grodsky','2008','comedy'),
('Un amour de pere','98','Mauris Sit Amet Corporation','Nigel Cole','2008','comedy'),
('La reine africaine','105','Mauris Sit Amet Corporation','John Huston','1951','adventure'),
('A Bag of Hammers','85','Nullam Nisl Maecenas Foundation','Brian Crano','2011','comedy'),
('Jenseits der Stille','109','Mauris Sit Amet Corporation','Caroline Link','1996','drama'),
('The Experts','94','Egestas Aliquam Fringilla Foundation','Dave Thomas','1989','comedy'),
('Sacre sale gosse','107','Egestas Aliquam Fringilla Foundation','Peter Faiman','1991','comedy'),
('Grand Canyon','134','In Industries','Lawrence Kasdan','1991','crime'),
('La brulure','108','Lorem Eget Mollis Corp.','Mike Nichols','1986','comedy'),
('Ce cher intrus','115','Aenean Egestas Hendrerit Corporation','Lasse Hallstrom','1991','comedy'),
('Comment se debarrasser de son patron','110','Cursus Limited','Colin Higgins','1980','comedy'),
('La difference','106','In Industries','Robert Mandel','1992','drama'),
('Sabrina','113','Egestas Aliquam Fringilla Foundation','Billy Wilder','1954','comedy'),
('Sassy Pants','88','Cursus Limited','Coley Sohn','2012','comedy'),
('Prof d enfer pour un ete','97','Aenean Egestas Hendrerit Corporation','Carl Reiner','1987','comedy'),
('Etre ou ne pas etre','107','Cursus Limited','Alan Johnson','1983','comedy'),
('Sanglantes confessions','108','Lorem Eget Mollis Corp.','Ulu Grosbard','1981','crime'),
('L amour six pieds sous terre','94','Mauris Sit Amet Corporation','Nick Hurran','2002','comedy'),
('In a Day','81','Nullam Nisl Maecenas Foundation','Evan Richards','2006','comedy'),
('There Goes the Neighborhood','88','Ridiculus Incorporated','Bill Phillips','1992','comedy'),
('Chasse a coeurs','90','Ridiculus Incorporated','Armyan Bernstein','1987','comedy'),
('L etrange histoire d Hubert','89','Sem Incorporated','Steve Barron','2000','comedy'),
('Arizona Junior','94','Aenean Egestas Hendrerit Corporation','Joel Coen','1987','comedy'),
('Rabbit Hole','91','Cursus Limited','John Cameron Mitchell','2010','drama'),
('La defense Lincoln','118','Aenean Egestas Hendrerit Corporation','Brad Furman','2011','crime'),
('Wild Target','98','Ridiculus Incorporated','Jonathan Lynn','2010','action'),
('Memento','113','In Industries','Christopher Nolan','2000','mystery'),
('Le dernier des Mohicans','112','Lorem Eget Mollis Corp.','Michael Mann','1992','action'),
('Le dernier empereur','163','Lorem Eget Mollis Corp.','Bernardo Bertolucci','1987','biography'),
('Insidious','103','Aenean Egestas Hendrerit Corporation','James Wan','2010','drama'),
('Fatal Games','103','Cursus Limited','Michael Lehmann','1988','comedy'),
('Following - Le suiveur','69','Aenean Egestas Hendrerit Corporation','Christopher Nolan','1998','mystery'),
('8 mm','123','Mauris Sit Amet Corporation','Joel Schumacher','1999','crime'),
('Dead Man','121','Mauris Sit Amet Corporation','Jim Jarmusch','1995','drama'),
('Une place a prendre','83','Aenean Egestas Hendrerit Corporation','Bryan Gordon','1991','comedy'),
('Rubber','82','Cursus Limited','Quentin Dupieux','2010','comedy'),
('Chinatown','130','Ridiculus Incorporated','Roman Polanski','1974','crime'),
('Le predicateur','134','Sem Incorporated','Robert Duvall','1997','drama'),
('Ford Fairlane Rock n Roll Detective','104','Sem Incorporated','Renny Harlin','1990','action'),
('Bustin Loose','94','Aenean Egestas Hendrerit Corporation','Oz Scott','1981','comedy'),
('Greedy - Les heritiers affames','113','Cursus Limited','Jonathan Lynn','1994','comedy'),
('La diable','99','Aenean Egestas Hendrerit Corporation','Susan Seidelman','1989','comedy'),
('Le parfum du succes','96','Nullam Nisl Maecenas Foundation','Larry Smith','2009','comedy'),
('Supersens','93','Mauris Sit Amet Corporation','Penelope Spheeris','1998','comedy'),
('Far Out Man','81','Mauris Sit Amet Corporation','Tommy Chong','1990','comedy'),
('Love Manager','94','Lorem Eget Mollis Corp.','Stephen Belber','2008','comedy'),
('L amour en equation','100','Aenean Egestas Hendrerit Corporation','Fred Schepisi','1994','comedy'),
('Golden child - L enfant sacre du Tibet','94','Egestas Aliquam Fringilla Foundation','Michael Ritchie','1986','action'),
('Tremors','96','Aenean Egestas Hendrerit Corporation','Ron Underwood','1990','comedy'),
('Red Corner','122','Egestas Aliquam Fringilla Foundation','Jon Avnet','1997','action'),
('Millenium','108','Cursus Limited','Michael Anderson','1989','drama'),
('Going Berserk','84','Sem Incorporated','David Steinberg','1983','comedy'),
('The Thing','109','Ridiculus Incorporated','John Carpenter','1982','horror'),
('Easy Money','95','Ridiculus Incorporated','James Signorelli','1983','comedy'),
('Warrior','140','Mauris Sit Amet Corporation','Gavin O Connor','2011','drama'),
('A la poursuite d Octobre Rouge','135','Aenean Egestas Hendrerit Corporation','John McTiernan','1990','action'),
('Le pacte','105','Aenean Egestas Hendrerit Corporation','Roger Donaldson','2011','action'),
('Des belles des balles et des brutes','90','Ridiculus Incorporated','Michael Winnick','2012','comedy'),
('Il etait une fois dans l Ouest','175','Sem Incorporated','Sergio Leone','1968','western'),
('Le mystere Andromede','131','Aenean Egestas Hendrerit Corporation','Robert Wise','1971','science fiction'),
('Dylan Dog','107','Aenean Egestas Hendrerit Corporation','Kevin Munroe','2010','comedy'),
('Bandits bandits','116','Mauris Sit Amet Corporation','Terry Gilliam','1981','adventure');


INSERT INTO dvds3 (NoDVD,PrixAchat,Titre) VALUES (1,20,'Le dernier des Mohicans'),(2,9,'The Man from Earth'),(3,15,'Etre ou ne pas etre'),(4,17,'L amour en equation'),(5,20,'Flowers in the Attic'),(6,15,'Chinatown'),(7,18,'Memento'),(8,12,'Warrior'),(9,19,'Ford Fairlane Rock n Roll Detective'),(10,8,'Following - Le suiveur'),(11,8,'Des belles des balles et des brutes'),(12,11,'The Man from Earth'),(13,16,'The Machinist'),(14,9,'Remo sans arme et dangereux'),(15,19,'Overboard'),(16,18,'Le mystere Andromede'),(17,8,'Sabrina'),(18,9,'Insidious'),(19,13,'Bottle Shock'),(20,20,'Peur bleue'),(21,14,'Simples secrets'),(22,14,'Bernie'),(23,19,'Flowers in the Attic'),(24,20,'La diable'),(25,18,'Le predicateur'),(26,8,'Le cheval venu de la mer'),(27,10,'Dernieres heures a Denver'),(28,8,'Le cheval venu de la mer'),(29,15,'Rubber'),(30,19,'Butter'),(31,12,'Ford Fairlane Rock n Roll Detective'),(32,10,'Prof d enfer pour un ete'),(33,16,'Dernieres heures a Denver'),(34,19,'A la poursuite d Octobre Rouge'),(35,18,'Des belles des balles et des brutes'),(36,19,'Comment se debarrasser de son patron'),(37,15,'Swimming with Sharks'),(38,16,'Bandits bandits'),(39,14,'La reine africaine'),(40,15,'Ford Fairlane Rock n Roll Detective'),(41,19,'Bernie'),(42,15,'The Man from Earth'),(43,13,'Red Corner'),(44,8,'Red Corner'),(45,17,'Grand Canyon'),(46,11,'Airport'),(47,20,'Iron Sky'),(48,16,'Wild Target'),(49,16,'Ce cher intrus'),(50,17,'Ford Fairlane Rock n Roll Detective'),(51,9,'Atlas Shrugged Part I'),(52,18,'Bernie'),(53,9,'Ce cher intrus'),(54,12,'Easy Money'),(55,12,'La diable'),(56,18,'Paper Man'),(57,19,'Le cheval venu de la mer'),(58,13,'8 mm'),(59,16,'Le cheval venu de la mer'),(60,14,'Insidious'),(61,16,'Le cheval venu de la mer'),(62,13,'La diable'),(63,10,'Le grand tournoi'),(64,18,'Greedy - Les heritiers affames'),(65,11,'Le grand tournoi'),(66,16,'Comment se debarrasser de son patron'),(67,17,'The Machinist'),(68,12,'The Nine Lives of Fritz the Cat'),(69,17,'Bustin Loose'),(70,11,'Warrior'),(71,19,'Bandits bandits'),(72,14,'Supersens'),(73,15,'The Experts'),(74,9,'La defense Lincoln'),(75,8,'The Thing'),(76,14,'Simples secrets'),(77,14,'Le pacte'),(78,8,'L amour en equation'),(79,13,'Going Overboard'),(80,16,'Sacre sale gosse'),(81,20,'747 en peril'),(82,8,'Far Out Man'),(83,16,'Le parfum du succes'),(84,18,'8 mm'),(85,15,'Des belles des balles et des brutes'),(86,17,'The Experts'),(87,18,'La fureur du juste'),(88,8,'Greedy - Les heritiers affames'),(89,18,'Bernie'),(90,11,'The Experts'),(91,20,'747 en peril'),(92,18,'Jenseits der Stille'),(93,15,'Remo sans arme et dangereux'),(94,14,'Sanglantes confessions'),(95,17,'Remo sans arme et dangereux'),(96,12,'Going Berserk'),(97,19,'L amour six pieds sous terre'),(98,19,'Prof d enfer pour un ete'),(99,9,'Far Out Man'),(100,11,'Les 2 sirenes');
INSERT INTO dvds3 (NoDVD,PrixAchat,Titre) VALUES (101,20,'Objectif Terrienne'),(102,11,'Le pacte'),(103,8,'Wild Target'),(104,10,'Paper Man'),(105,12,'Ford Fairlane Rock n Roll Detective'),(106,15,'Love Manager'),(107,14,'Le grand tournoi'),(108,20,'Bandits bandits'),(109,14,'Le discours d un roi'),(110,11,'Millenium'),(111,10,'Far Out Man'),(112,12,'In a Day'),(113,15,'Prof d enfer pour un ete'),(114,19,'Humboldt County'),(115,19,'Red Corner'),(116,19,'Chasse a coeurs'),(117,8,'Remo sans arme et dangereux'),(118,13,'The Machinist'),(119,19,'747 en peril'),(120,19,'Millenium'),(121,14,'Bustin Loose'),(122,12,'Iron Sky'),(123,19,'747 en peril'),(124,11,'Remo sans arme et dangereux'),(125,13,'Following - Le suiveur'),(126,12,'Far Out Man'),(127,9,'Grand Canyon'),(128,15,'A la poursuite d Octobre Rouge'),(129,13,'Jenseits der Stille'),(130,15,'Greedy - Les heritiers affames'),(131,10,'Rabbit Hole'),(132,8,'Le predicateur'),(133,10,'The Man from Earth'),(134,15,'Le grand tournoi'),(135,19,'There Goes the Neighborhood'),(136,16,'Le dernier des Mohicans'),(137,12,'Comment se debarrasser de son patron'),(138,9,'Chinatown'),(139,14,'Sabrina'),(140,10,'Objectif Terrienne'),(141,12,'Bernie'),(142,18,'Wild Target'),(143,20,'Rubber'),(144,15,'Swimming with Sharks'),(145,12,'Golden child - L enfant sacre du Tibet'),(146,17,'Les coulisses de l exploit'),(147,15,'A Bag of Hammers'),(148,19,'Tremors'),(149,14,'Chasse a coeurs'),(150,17,'Une place a prendre'),(151,9,'Comment se debarrasser de son patron'),(152,9,'Lucky'),(153,10,'Dernieres heures a Denver'),(154,10,'8 mm'),(155,13,'Prof d enfer pour un ete'),(156,11,'Dernieres heures a Denver'),(157,9,'Le dernier empereur'),(158,16,'Le mystere Andromede'),(159,15,'L amour en equation'),(160,11,'Airport'),(161,14,'Quills la plume et le sang'),(162,14,'Ghost'),(163,14,'Le predicateur'),(164,13,'Golden child - L enfant sacre du Tibet'),(165,13,'Love Manager'),(166,14,'A Bag of Hammers'),(167,15,'Le grand tournoi'),(168,11,'La reine africaine'),(169,18,'Barton Fink'),(170,17,'Quills la plume et le sang'),(171,20,'Dernieres heures a Denver'),(172,20,'Birdemic Shock and Terror'),(173,14,'Jenseits der Stille'),(174,18,'Le grand tournoi'),(175,13,'Jeff Who Lives at Home'),(176,9,'Supersens'),(177,9,'La brulure'),(178,20,'Dylan Dog'),(179,12,'747 en peril'),(180,13,'Ghost'),(181,17,'A Bag of Hammers'),(182,18,'Tremors'),(183,12,'Going Overboard'),(184,8,'Le dernier empereur'),(185,20,'Jeff Who Lives at Home'),(186,15,'Quills la plume et le sang'),(187,11,'La brulure'),(188,19,'Rabbit Hole'),(189,14,'Barton Fink'),(190,8,'Chinatown'),(191,18,'In a Day'),(192,11,'Bottle Shock'),(193,14,'Dylan Dog'),(194,16,'Dylan Dog'),(195,14,'Etre ou ne pas etre'),(196,8,'Tremors'),(197,12,'Un amour de pere'),(198,14,'Jeff Who Lives at Home'),(199,14,'Les coulisses de l exploit'),(200,14,'Red Corner');
INSERT INTO dvds3 (NoDVD,PrixAchat,Titre) VALUES (201,8,'Dernieres heures a Denver'),(202,16,'A Bag of Hammers'),(203,12,'Peur bleue'),(204,9,'Iron Sky'),(205,19,'Etre ou ne pas etre'),(206,13,'La defense Lincoln'),(207,20,'Tucker et Dale fightent le mal'),(208,18,'Le journal'),(209,14,'Le journal'),(210,18,'The Experts'),(211,10,'Grand Canyon'),(212,8,'L amour en equation'),(213,13,'Following - Le suiveur'),(214,11,'Rubber'),(215,17,'Chinatown'),(216,20,'Far Out Man'),(217,18,'The Machinist'),(218,20,'Chasse a coeurs'),(219,15,'Bandits bandits'),(220,15,'The Experts'),(221,12,'Le predicateur'),(222,18,'Butter'),(223,10,'Paper Man'),(224,19,'Lucky'),(225,20,'The Man from Earth'),(226,14,'L amour six pieds sous terre'),(227,8,'Bernie'),(228,9,'La defense Lincoln'),(229,14,'Jenseits der Stille'),(230,16,'The Machinist'),(231,9,'Millenium'),(232,9,'Bottle Shock'),(233,9,'There Goes the Neighborhood'),(234,17,'La fureur du juste'),(235,17,'Jeff Who Lives at Home'),(236,14,'The Thing'),(237,11,'Love Manager'),(238,10,'Remo sans arme et dangereux'),(239,14,'Dernieres heures a Denver'),(240,11,'Jamais sans ma fille'),(241,9,'Bandits bandits'),(242,20,'Le cheval venu de la mer'),(243,18,'Dylan Dog'),(244,9,'Le dernier des Mohicans'),(245,20,'La reine africaine'),(246,9,'Sacre sale gosse'),(247,10,'Butter'),(248,15,'La fureur du juste'),(249,11,'Le cheval venu de la mer'),(250,10,'Les 2 sirenes'),(251,20,'Remo sans arme et dangereux'),(252,11,'Supersens'),(253,20,'The Machinist'),(254,11,'Warrior'),(255,19,'Peur bleue'),(256,17,'Love Manager'),(257,13,'Bernie'),(258,15,'Tucker et Dale fightent le mal'),(259,18,'Sanglantes confessions'),(260,19,'Ce cher intrus'),(261,20,'Golden child - L enfant sacre du Tibet'),(262,9,'Ford Fairlane Rock n Roll Detective'),(263,18,'Swimming with Sharks'),(264,12,'Le parfum du succes'),(265,13,'Le dernier empereur'),(266,16,'The Nine Lives of Fritz the Cat'),(267,15,'Peur bleue'),(268,12,'Swimming with Sharks'),(269,13,'Comment se debarrasser de son patron'),(270,16,'Greedy - Les heritiers affames'),(271,9,'Le journal'),(272,10,'The Experts'),(273,9,'Airport'),(274,16,'Peur bleue'),(275,17,'Butter'),(276,12,'Les coulisses de l exploit'),(277,9,'Going Overboard'),(278,17,'8 mm'),(279,18,'The Experts'),(280,14,'Barton Fink'),(281,20,'Tucker et Dale fightent le mal'),(282,9,'Following - Le suiveur'),(283,19,'Butter'),(284,8,'Bandits bandits'),(285,9,'Quills la plume et le sang'),(286,18,'Insidious'),(287,17,'La defense Lincoln'),(288,11,'Peur bleue'),(289,15,'Le journal'),(290,11,'Paper Man'),(291,18,'L etrange histoire d Hubert'),(292,11,'Une place a prendre'),(293,15,'Sabrina'),(294,12,'Memento'),(295,20,'Le dernier des Mohicans'),(296,14,'L amour six pieds sous terre'),(297,8,'Dylan Dog'),(298,19,'Le grand tournoi'),(299,8,'Le pacte'),(300,17,'La fureur du juste');
INSERT INTO dvds3 (NoDVD,PrixAchat,Titre) VALUES (301,16,'Le discours d un roi'),(302,12,'Wild Target'),(303,19,'Ce cher intrus'),(304,20,'Rubber'),(305,16,'747 en peril'),(306,11,'Love Manager'),(307,13,'La difference'),(308,18,'A la poursuite d Octobre Rouge'),(309,12,'Simples secrets'),(310,14,'Atlas Shrugged Part I'),(311,18,'Following - Le suiveur'),(312,19,'A Bag of Hammers'),(313,12,'Golden child - L enfant sacre du Tibet'),(314,18,'La reine africaine'),(315,17,'Rubber'),(316,20,'Dylan Dog'),(317,13,'Dernieres heures a Denver'),(318,15,'Bandits bandits'),(319,13,'Le journal'),(320,8,'Atlas Shrugged Part I'),(321,14,'Peur bleue'),(322,9,'Millenium'),(323,16,'Memento'),(324,10,'Sabrina'),(325,12,'Cool World'),(326,20,'Tremors'),(327,10,'Le dernier empereur'),(328,9,'Jenseits der Stille'),(329,17,'Cool World'),(330,16,'Tucker et Dale fightent le mal'),(331,19,'L amour six pieds sous terre'),(332,9,'Arizona Junior'),(333,20,'Grand Canyon'),(334,11,'Sanglantes confessions'),(335,18,'Tucker et Dale fightent le mal'),(336,17,'Le journal'),(337,10,'Red Corner'),(338,12,'Rubber'),(339,14,'Le mystere Andromede'),(340,12,'Swimming with Sharks'),(341,12,'8 mm'),(342,18,'Le mystere Andromede'),(343,11,'La brulure'),(344,9,'Bernie'),(345,13,'Quills la plume et le sang'),(346,18,'747 en peril'),(347,13,'Bustin Loose'),(348,18,'Swimming with Sharks'),(349,8,'The Parking Lot Movie'),(350,10,'Dernieres heures a Denver'),(351,10,'Le cheval venu de la mer'),(352,11,'The Machinist'),(353,17,'Jeff Who Lives at Home'),(354,14,'Dead Man'),(355,16,'Happy Texas'),(356,12,'Chasse a coeurs'),(357,16,'A Bag of Hammers'),(358,8,'Chinatown'),(359,15,'Insidious'),(360,13,'Insidious'),(361,18,'Chinatown'),(362,20,'Supersens'),(363,9,'The Man from Earth'),(364,13,'Objectif Terrienne'),(365,9,'Jamais sans ma fille'),(366,14,'In a Day'),(367,10,'Jeff Who Lives at Home'),(368,14,'Love Manager'),(369,16,'Sanglantes confessions'),(370,16,'Le cheval venu de la mer'),(371,11,'Chasse a coeurs'),(372,11,'Sassy Pants'),(373,8,'Swimming with Sharks'),(374,18,'Happy Texas'),(375,13,'Greedy - Les heritiers affames'),(376,17,'Bernie'),(377,12,'La diable'),(378,9,'Overboard'),(379,13,'Atlas Shrugged Part I'),(380,19,'La difference'),(381,9,'Comment se debarrasser de son patron'),(382,9,'Dylan Dog'),(383,19,'Jeff Who Lives at Home'),(384,12,'Les 2 sirenes'),(385,17,'Jeff Who Lives at Home'),(386,17,'Ce cher intrus'),(387,15,'Barton Fink'),(388,15,'Les 2 sirenes'),(389,9,'Jamais sans ma fille'),(390,10,'Millenium'),(391,14,'Le mystere Andromede'),(392,14,'Love Manager'),(393,13,'Lucky'),(394,13,'Iron Sky'),(395,12,'La reine africaine'),(396,20,'La fureur du juste'),(397,16,'L etrange histoire d Hubert'),(398,15,'Wild Target'),(399,10,'Following - Le suiveur'),(400,19,'Il etait une fois dans l Ouest');
INSERT INTO dvds3 (NoDVD,PrixAchat,Titre) VALUES (401,8,'Le pacte'),(402,17,'In a Day'),(403,12,'Le dernier empereur'),(404,9,'Memento'),(405,17,'Supersens'),(406,18,'Le grand tournoi'),(407,14,'Remo sans arme et dangereux'),(408,15,'Cool World'),(409,10,'La difference'),(410,18,'La reine africaine'),(411,17,'Simples secrets'),(412,14,'Swimming with Sharks'),(413,15,'In a Day'),(414,8,'Sabrina'),(415,10,'Sacre sale gosse'),(416,9,'Remo sans arme et dangereux'),(417,8,'Fatal Games'),(418,15,'Overboard'),(419,15,'L amour en equation'),(420,16,'L amour en equation'),(421,17,'Swimming with Sharks'),(422,17,'Atlas Shrugged Part I'),(423,19,'Bottle Shock'),(424,8,'La fureur du juste'),(425,13,'Love Manager'),(426,16,'Barton Fink'),(427,10,'Paper Man'),(428,16,'Le journal'),(429,9,'Rubber'),(430,8,'La reine africaine'),(431,17,'Jamais sans ma fille'),(432,14,'Objectif Terrienne'),(433,8,'Peur bleue'),(434,14,'Rabbit Hole'),(435,9,'Millenium'),(436,14,'The Parking Lot Movie'),(437,13,'Le pacte'),(438,8,'Le pacte'),(439,14,'Going Berserk'),(440,16,'La defense Lincoln'),(441,14,'Ghost'),(442,19,'Jamais sans ma fille'),(443,8,'A la poursuite d Octobre Rouge'),(444,17,'Ce cher intrus'),(445,19,'Tucker et Dale fightent le mal'),(446,15,'The Thing'),(447,8,'La reine africaine'),(448,12,'La diable'),(449,15,'Love Manager'),(450,16,'Easy Money'),(451,16,'Bandits bandits'),(452,11,'Barton Fink'),(453,16,'Grand Canyon'),(454,14,'Le pacte'),(455,16,'Golden child - L enfant sacre du Tibet'),(456,20,'Birdemic Shock and Terror'),(457,19,'La defense Lincoln'),(458,14,'Sabrina'),(459,17,'L etrange histoire d Hubert'),(460,18,'Le parfum du succes'),(461,18,'Quills la plume et le sang'),(462,14,'Easy Money'),(463,10,'Des belles des balles et des brutes'),(464,17,'Peur bleue'),(465,10,'Etre ou ne pas etre'),(466,9,'Lucky'),(467,9,'Iron Sky'),(468,18,'Golden child - L enfant sacre du Tibet'),(469,16,'La diable'),(470,19,'Dead Man'),(471,8,'Greedy - Les heritiers affames'),(472,14,'8 mm'),(473,11,'La difference'),(474,10,'Chinatown'),(475,10,'Swimming with Sharks'),(476,20,'Tremors'),(477,17,'Bottle Shock'),(478,18,'Le dernier des Mohicans'),(479,18,'Le predicateur'),(480,14,'Les 2 sirenes'),(481,16,'Remo sans arme et dangereux'),(482,15,'Prof d enfer pour un ete'),(483,9,'A la poursuite d Octobre Rouge'),(484,16,'Paper Man'),(485,16,'La diable'),(486,18,'Etre ou ne pas etre'),(487,14,'Butter'),(488,10,'L etrange histoire d Hubert'),(489,17,'Swimming with Sharks'),(490,14,'Sassy Pants'),(491,15,'In a Day'),(492,8,'Greedy - Les heritiers affames'),(493,14,'Il etait une fois dans l Ouest'),(494,10,'The Machinist'),(495,17,'Comment se debarrasser de son patron'),(496,20,'Humboldt County'),(497,16,'Il etait une fois dans l Ouest'),(498,12,'Memento'),(499,13,'L amour six pieds sous terre'),(500,10,'A la poursuite d Octobre Rouge');
INSERT INTO dvds3 (NoDVD,PrixAchat,Titre) VALUES (501,18,'Humboldt County'),(502,13,'Le grand tournoi'),(503,18,'La defense Lincoln'),(504,18,'La brulure'),(505,14,'The Nine Lives of Fritz the Cat'),(506,15,'Jeff Who Lives at Home'),(507,9,'La reine africaine'),(508,10,'Dernieres heures a Denver'),(509,9,'La brulure'),(510,13,'Cool World'),(511,18,'Le pacte'),(512,9,'Warrior'),(513,15,'Grand Canyon'),(514,8,'Paper Man'),(515,12,'Swimming with Sharks'),(516,20,'Ghost'),(517,8,'Memento'),(518,11,'La brulure'),(519,17,'Les coulisses de l exploit'),(520,9,'Lucky'),(521,20,'Humboldt County'),(522,13,'Love Manager'),(523,12,'Airport'),(524,16,'Jamais sans ma fille'),(525,12,'Golden child - L enfant sacre du Tibet'),(526,9,'Iron Sky'),(527,12,'Memento'),(528,14,'8 mm'),(529,18,'Flowers in the Attic'),(530,18,'The Experts'),(531,20,'The Nine Lives of Fritz the Cat'),(532,12,'Sacre sale gosse'),(533,12,'Far Out Man'),(534,9,'Tucker et Dale fightent le mal'),(535,19,'La defense Lincoln'),(536,19,'Insidious'),(537,10,'Des belles des balles et des brutes'),(538,17,'Cool World'),(539,18,'Bustin Loose'),(540,10,'Le journal'),(541,8,'Bottle Shock'),(542,12,'There Goes the Neighborhood'),(543,10,'Insidious'),(544,18,'Golden child - L enfant sacre du Tibet'),(545,15,'Millenium'),(546,13,'Insidious'),(547,9,'Following - Le suiveur'),(548,19,'Rabbit Hole'),(549,13,'Le grand tournoi'),(550,15,'Le pacte'),(551,17,'Dylan Dog'),(552,13,'Ford Fairlane Rock n Roll Detective'),(553,11,'Millenium'),(554,8,'La reine africaine'),(555,18,'Arizona Junior'),(556,14,'Tremors'),(557,20,'In a Day'),(558,15,'Bernie'),(559,11,'Le cheval venu de la mer'),(560,19,'A la poursuite d Octobre Rouge'),(561,18,'Dernieres heures a Denver'),(562,13,'Chinatown'),(563,18,'Sanglantes confessions'),(564,16,'Tucker et Dale fightent le mal'),(565,12,'Remo sans arme et dangereux'),(566,11,'Prof d enfer pour un ete'),(567,15,'Following - Le suiveur'),(568,10,'Bernie'),(569,11,'Cool World'),(570,12,'Humboldt County'),(571,13,'Simples secrets'),(572,13,'Le cheval venu de la mer'),(573,8,'Iron Sky'),(574,19,'Objectif Terrienne'),(575,9,'In a Day'),(576,15,'Chinatown'),(577,14,'Une place a prendre'),(578,15,'Iron Sky'),(579,9,'Airport'),(580,19,'Le journal'),(581,16,'Atlas Shrugged Part I'),(582,15,'Golden child - L enfant sacre du Tibet'),(583,18,'Etre ou ne pas etre'),(584,10,'La defense Lincoln'),(585,15,'Happy Texas'),(586,18,'The Nine Lives of Fritz the Cat'),(587,8,'La defense Lincoln'),(588,19,'The Thing'),(589,17,'747 en peril'),(590,18,'The Nine Lives of Fritz the Cat'),(591,19,'La fureur du juste'),(592,16,'Ce cher intrus'),(593,14,'There Goes the Neighborhood'),(594,15,'Des belles des balles et des brutes'),(595,15,'Barton Fink'),(596,14,'Easy Money'),(597,13,'Objectif Terrienne'),(598,19,'Chinatown'),(599,12,'Le pacte'),(600,11,'L etrange histoire d Hubert');
INSERT INTO dvds3 (NoDVD,PrixAchat,Titre) VALUES (601,12,'The Man from Earth'),(602,19,'The Experts'),(603,20,'Sacre sale gosse'),(604,19,'Jamais sans ma fille'),(605,20,'Fatal Games'),(606,8,'L etrange histoire d Hubert'),(607,11,'Une place a prendre'),(608,8,'Peur bleue'),(609,13,'There Goes the Neighborhood'),(610,13,'Bernie'),(611,13,'Le pacte'),(612,20,'Atlas Shrugged Part I'),(613,20,'Dead Man'),(614,10,'Jamais sans ma fille'),(615,12,'A Bag of Hammers'),(616,11,'Rubber'),(617,18,'In a Day'),(618,9,'Warrior'),(619,19,'Insidious'),(620,17,'Ghost'),(621,14,'Wild Target'),(622,17,'Paper Man'),(623,18,'Sanglantes confessions'),(624,10,'La reine africaine'),(625,18,'Le pacte'),(626,18,'Bottle Shock'),(627,12,'Flowers in the Attic'),(628,11,'Far Out Man'),(629,17,'Love Manager'),(630,11,'Le pacte'),(631,19,'La reine africaine'),(632,18,'Fatal Games'),(633,12,'Ghost'),(634,19,'Cool World'),(635,17,'Golden child - L enfant sacre du Tibet'),(636,12,'Le pacte'),(637,11,'In a Day'),(638,9,'Far Out Man'),(639,12,'Swimming with Sharks'),(640,14,'747 en peril'),(641,12,'Swimming with Sharks'),(642,17,'Dylan Dog'),(643,13,'Insidious'),(644,8,'Il etait une fois dans l Ouest'),(645,10,'Going Overboard'),(646,19,'Ford Fairlane Rock n Roll Detective'),(647,8,'Objectif Terrienne'),(648,11,'Greedy - Les heritiers affames'),(649,17,'Dead Man'),(650,12,'Objectif Terrienne'),(651,11,'La brulure'),(652,19,'Bottle Shock'),(653,10,'Sanglantes confessions'),(654,8,'Etre ou ne pas etre'),(655,15,'Barton Fink'),(656,9,'L amour en equation'),(657,8,'Chasse a coeurs'),(658,8,'Bottle Shock'),(659,12,'Atlas Shrugged Part I'),(660,20,'Les coulisses de l exploit'),(661,20,'Chinatown'),(662,17,'Des belles des balles et des brutes'),(663,11,'Rabbit Hole'),(664,11,'Une place a prendre'),(665,17,'Chasse a coeurs'),(666,11,'Simples secrets'),(667,11,'Millenium'),(668,18,'Ford Fairlane Rock n Roll Detective'),(669,16,'Sassy Pants'),(670,10,'Rubber'),(671,8,'Red Corner'),(672,18,'Dernieres heures a Denver'),(673,13,'La fureur du juste'),(674,15,'Barton Fink'),(675,14,'Ford Fairlane Rock n Roll Detective'),(676,18,'L amour six pieds sous terre'),(677,14,'Golden child - L enfant sacre du Tibet'),(678,13,'Peur bleue'),(679,17,'La diable'),(680,10,'Rabbit Hole'),(681,12,'La fureur du juste'),(682,11,'Lucky'),(683,8,'747 en peril'),(684,17,'Le discours d un roi'),(685,13,'Sabrina'),(686,18,'Airport'),(687,14,'The Machinist'),(688,17,'L etrange histoire d Hubert'),(689,20,'Ce cher intrus'),(690,9,'Bottle Shock'),(691,9,'Sassy Pants'),(692,9,'Easy Money'),(693,9,'Arizona Junior'),(694,8,'Tucker et Dale fightent le mal'),(695,9,'The Nine Lives of Fritz the Cat'),(696,16,'Bandits bandits'),(697,16,'Tucker et Dale fightent le mal'),(698,18,'Bottle Shock'),(699,9,'L amour six pieds sous terre'),(700,20,'Chinatown');
INSERT INTO dvds3 (NoDVD,PrixAchat,Titre) VALUES (701,10,'Ce cher intrus'),(702,18,'747 en peril'),(703,8,'Iron Sky'),(704,8,'Prof d enfer pour un ete'),(705,14,'L amour en equation'),(706,20,'Comment se debarrasser de son patron'),(707,19,'La fureur du juste'),(708,20,'Cool World'),(709,17,'Overboard'),(710,14,'Chasse a coeurs'),(711,20,'Greedy - Les heritiers affames'),(712,15,'Une place a prendre'),(713,19,'Jeff Who Lives at Home'),(714,19,'The Thing'),(715,9,'Le discours d un roi'),(716,14,'Bustin Loose'),(717,16,'Easy Money'),(718,8,'Le mystere Andromede'),(719,13,'Red Corner'),(720,17,'The Man from Earth'),(721,11,'Le cheval venu de la mer'),(722,10,'Sabrina'),(723,11,'Jenseits der Stille'),(724,20,'Overboard'),(725,15,'Cool World'),(726,18,'Le grand tournoi'),(727,8,'Objectif Terrienne'),(728,13,'Overboard'),(729,19,'Memento'),(730,15,'Lucky'),(731,9,'A la poursuite d Octobre Rouge'),(732,9,'Le predicateur'),(733,13,'Remo sans arme et dangereux'),(734,11,'The Machinist'),(735,15,'Easy Money'),(736,12,'Going Berserk'),(737,19,'La defense Lincoln'),(738,18,'Golden child - L enfant sacre du Tibet'),(739,19,'La fureur du juste'),(740,11,'The Nine Lives of Fritz the Cat'),(741,9,'Going Overboard'),(742,18,'L etrange histoire d Hubert'),(743,20,'Swimming with Sharks'),(744,16,'Supersens'),(745,16,'Bottle Shock'),(746,14,'747 en peril'),(747,17,'Tremors'),(748,15,'Swimming with Sharks'),(749,14,'Sanglantes confessions'),(750,8,'Remo sans arme et dangereux'),(751,20,'Prof d enfer pour un ete'),(752,13,'Wild Target'),(753,15,'Greedy - Les heritiers affames'),(754,10,'Etre ou ne pas etre'),(755,9,'A la poursuite d Octobre Rouge'),(756,15,'747 en peril'),(757,11,'The Machinist'),(758,13,'Le discours d un roi'),(759,10,'Jenseits der Stille'),(760,14,'Bustin Loose'),(761,15,'Sassy Pants'),(762,14,'Dernieres heures a Denver'),(763,9,'Memento'),(764,8,'Le discours d un roi'),(765,17,'Des belles des balles et des brutes'),(766,9,'There Goes the Neighborhood'),(767,13,'Barton Fink'),(768,19,'La fureur du juste'),(769,12,'Airport'),(770,19,'Insidious'),(771,9,'Tucker et Dale fightent le mal'),(772,20,'Millenium'),(773,20,'Dylan Dog'),(774,8,'Les 2 sirenes'),(775,18,'Dernieres heures a Denver'),(776,13,'Remo sans arme et dangereux'),(777,11,'Le grand tournoi'),(778,19,'Une place a prendre'),(779,11,'Golden child - L enfant sacre du Tibet'),(780,13,'Easy Money'),(781,11,'Le mystere Andromede'),(782,11,'Rabbit Hole'),(783,12,'Easy Money'),(784,17,'Grand Canyon'),(785,20,'Greedy - Les heritiers affames'),(786,17,'Le dernier empereur'),(787,10,'Jenseits der Stille'),(788,18,'Bottle Shock'),(789,15,'Sassy Pants'),(790,13,'Love Manager'),(791,11,'Going Overboard'),(792,18,'Le pacte'),(793,8,'Humboldt County'),(794,9,'Jamais sans ma fille'),(795,13,'Dylan Dog'),(796,14,'Humboldt County'),(797,10,'Remo sans arme et dangereux'),(798,11,'Supersens'),(799,14,'Golden child - L enfant sacre du Tibet'),(800,8,'Peur bleue');
INSERT INTO dvds3 (NoDVD,PrixAchat,Titre) VALUES (801,17,'Birdemic Shock and Terror'),(802,11,'Rabbit Hole'),(803,9,'Dylan Dog'),(804,17,'Paper Man'),(805,11,'Greedy - Les heritiers affames'),(806,14,'Wild Target'),(807,11,'Le parfum du succes'),(808,16,'La brulure'),(809,11,'Rubber'),(810,18,'Ford Fairlane Rock n Roll Detective'),(811,19,'L etrange histoire d Hubert'),(812,8,'Insidious'),(813,10,'Lucky'),(814,10,'Memento'),(815,15,'Un amour de pere'),(816,11,'La fureur du juste'),(817,17,'The Nine Lives of Fritz the Cat'),(818,9,'Following - Le suiveur'),(819,8,'747 en peril'),(820,9,'Le predicateur'),(821,15,'Les 2 sirenes'),(822,19,'There Goes the Neighborhood'),(823,9,'Ce cher intrus'),(824,12,'Atlas Shrugged Part I'),(825,15,'Des belles des balles et des brutes'),(826,9,'La diable'),(827,19,'Les coulisses de l exploit'),(828,10,'Jenseits der Stille'),(829,10,'Tucker et Dale fightent le mal'),(830,15,'Etre ou ne pas etre'),(831,19,'Millenium'),(832,18,'Warrior'),(833,8,'Il etait une fois dans l Ouest'),(834,16,'Quills la plume et le sang'),(835,16,'Going Berserk'),(836,18,'The Parking Lot Movie'),(837,9,'Objectif Terrienne'),(838,20,'Prof d enfer pour un ete'),(839,9,'The Parking Lot Movie'),(840,9,'Jamais sans ma fille'),(841,11,'Millenium'),(842,19,'La reine africaine'),(843,20,'The Thing'),(844,10,'Rubber'),(845,12,'Sacre sale gosse'),(846,18,'Rabbit Hole'),(847,9,'Insidious'),(848,10,'Le discours d un roi'),(849,9,'Le parfum du succes'),(850,15,'A la poursuite d Octobre Rouge'),(851,15,'La diable'),(852,19,'Le journal'),(853,16,'Sassy Pants'),(854,18,'Ghost'),(855,19,'A Bag of Hammers'),(856,10,'Memento'),(857,16,'Red Corner'),(858,18,'Le discours d un roi'),(859,13,'There Goes the Neighborhood'),(860,10,'Le discours d un roi'),(861,12,'Jamais sans ma fille'),(862,16,'Peur bleue'),(863,18,'In a Day'),(864,19,'Going Berserk'),(865,14,'Tucker et Dale fightent le mal'),(866,19,'Millenium'),(867,16,'Humboldt County'),(868,12,'A la poursuite d Octobre Rouge'),(869,13,'Chinatown'),(870,14,'Humboldt County'),(871,20,'Des belles des balles et des brutes'),(872,18,'Memento'),(873,8,'Memento'),(874,12,'Bottle Shock'),(875,8,'Bottle Shock'),(876,10,'Peur bleue'),(877,9,'Sassy Pants'),(878,8,'Lucky'),(879,14,'Le mystere Andromede'),(880,12,'Une place a prendre'),(881,19,'Des belles des balles et des brutes'),(882,13,'Atlas Shrugged Part I'),(883,19,'Tremors'),(884,19,'Bottle Shock'),(885,18,'Paper Man'),(886,13,'Peur bleue'),(887,12,'Etre ou ne pas etre'),(888,9,'There Goes the Neighborhood'),(889,18,'A Bag of Hammers'),(890,11,'Iron Sky'),(891,17,'Une place a prendre'),(892,11,'Paper Man'),(893,11,'Des belles des balles et des brutes'),(894,16,'La brulure'),(895,16,'Overboard'),(896,18,'Love Manager'),(897,12,'Le discours d un roi'),(898,17,'Easy Money'),(899,16,'Easy Money'),(900,16,'L amour en equation');
INSERT INTO dvds3 (NoDVD,PrixAchat,Titre) VALUES (901,11,'Fatal Games'),(902,11,'Supersens'),(903,12,'Quills la plume et le sang'),(904,17,'Iron Sky'),(905,12,'A Bag of Hammers'),(906,18,'Grand Canyon'),(907,8,'Millenium'),(908,14,'Prof d enfer pour un ete'),(909,16,'The Machinist'),(910,17,'Grand Canyon'),(911,19,'The Machinist'),(912,19,'L amour en equation'),(913,11,'Les coulisses de l exploit'),(914,9,'Following - Le suiveur'),(915,16,'L amour six pieds sous terre'),(916,14,'Humboldt County'),(917,20,'La diable'),(918,16,'Jenseits der Stille'),(919,10,'Chinatown'),(920,9,'Far Out Man'),(921,14,'Remo sans arme et dangereux'),(922,12,'The Nine Lives of Fritz the Cat'),(923,8,'Easy Money'),(924,14,'Chasse a coeurs'),(925,14,'Paper Man'),(926,13,'The Experts'),(927,13,'Sanglantes confessions'),(928,17,'Les 2 sirenes'),(929,10,'Butter'),(930,15,'Going Overboard'),(931,14,'Rubber'),(932,15,'L amour six pieds sous terre'),(933,9,'Sassy Pants'),(934,10,'Grand Canyon'),(935,11,'Arizona Junior'),(936,8,'Following - Le suiveur'),(937,18,'Greedy - Les heritiers affames'),(938,17,'Ghost'),(939,18,'Dernieres heures a Denver'),(940,12,'Comment se debarrasser de son patron'),(941,11,'Le parfum du succes'),(942,17,'The Man from Earth'),(943,19,'Warrior'),(944,18,'Flowers in the Attic'),(945,16,'Greedy - Les heritiers affames'),(946,20,'Chasse a coeurs'),(947,14,'Bernie'),(948,8,'Simples secrets'),(949,17,'A la poursuite d Octobre Rouge'),(950,13,'La diable'),(951,15,'The Machinist'),(952,20,'Simples secrets'),(953,12,'La reine africaine'),(954,12,'Bandits bandits'),(955,19,'Sassy Pants'),(956,11,'There Goes the Neighborhood'),(957,14,'Going Berserk'),(958,15,'Dylan Dog'),(959,13,'Le dernier empereur'),(960,20,'Un amour de pere'),(961,11,'Lucky'),(962,18,'Comment se debarrasser de son patron'),(963,8,'Cool World'),(964,8,'Le parfum du succes'),(965,17,'A la poursuite d Octobre Rouge'),(966,10,'The Nine Lives of Fritz the Cat'),(967,19,'Le journal'),(968,13,'Des belles des balles et des brutes'),(969,16,'Le predicateur'),(970,13,'Le pacte'),(971,11,'Humboldt County'),(972,14,'Prof d enfer pour un ete'),(973,16,'La brulure'),(974,14,'Dead Man'),(975,20,'Swimming with Sharks'),(976,10,'Greedy - Les heritiers affames'),(977,8,'Jamais sans ma fille'),(978,20,'Swimming with Sharks'),(979,12,'Le dernier des Mohicans'),(980,13,'Le pacte'),(981,12,'La defense Lincoln'),(982,11,'Le dernier empereur'),(983,13,'Humboldt County'),(984,15,'Etre ou ne pas etre'),(985,19,'Jamais sans ma fille'),(986,19,'Sacre sale gosse'),(987,20,'Golden child - L enfant sacre du Tibet'),(988,12,'Insidious'),(989,12,'8 mm'),(990,14,'L amour six pieds sous terre'),(991,11,'The Nine Lives of Fritz the Cat'),(992,17,'Lucky'),(993,17,'Tucker et Dale fightent le mal'),(994,16,'Far Out Man'),(995,8,'Cool World'),(996,18,'Memento'),(997,14,'Sassy Pants'),(998,15,'Jenseits der Stille'),(999,12,'Rabbit Hole'),(1000,8,'Supersens');

INSERT INTO clients3 (NoClient,NomClient,AdresseClient) VALUES (1,'Stuart Q. Mcclain','974-4970 Parturient Impasse'),(2,'Nash S. Wagner','4855 Nullam Rue'),(3,'Brendan U. Estrada','CP 353, 386 Iaculis Impasse'),(4,'Kadeem D. Lambert','190-4755 Cras Rue'),(5,'Macon J. Lindsay','Appartement 212-1240 Nulla. Impasse'),(6,'Aquila V. Carson','8659 Tincidunt Ave'),(7,'Imelda S. Horne','289-9117 Ut Av.'),(8,'Evangeline Q. Hoover','7751 Consectetuer Rue'),(9,'Hall D. Ortiz','CP 273, 4118 Non Rue'),(10,'Holmes D. Mccormick','CP 660, 2374 Auctor Av.'),(11,'Olga E. Rivers','663-3341 Vitae, Chemin'),(12,'Oliver J. Mccormick','796-8289 Risus. Avenue'),(13,'Barrett F. Fowler','321-6998 Non Route'),(14,'Paula O. Pace','Appartement 698-3327 Nullam Av.'),(15,'Dieter W. Davidson','Appartement 670-5627 Lacus. Rd.'),(16,'Quyn W. Black','1088 Eros Route'),(17,'Blaze Q. Keith','CP 646, 1804 Elit, Impasse'),(18,'Isabella B. Spence','CP 599, 4129 Eleifend Rue'),(19,'Helen P. Mitchell','Appartement 535-4483 Vestibulum. Rd.'),(20,'Samantha Q. Bennett','2089 Proin Chemin'),(21,'Rhoda W. Page','CP 806, 5132 Tincidunt Route'),(22,'Winter C. Adams','361-4635 Mauris Route'),(23,'Jessamine W. Dickerson','580-7855 Magna. Rd.'),(24,'Tasha E. Wooten','Appartement 215-614 Venenatis Impasse'),(25,'Emery T. Sharp','447-8994 Vestibulum Av.'),(26,'Kyle Q. Guzman','CP 221, 9080 Est. Av.'),(27,'Honorato K. Bonner','CP 848, 4708 Vitae, Chemin'),(28,'Cain N. Kramer','502-5499 Orci, Rue'),(29,'Anika I. Buchanan','CP 929, 4739 Duis Avenue'),(30,'Cain D. Travis','6851 Vitae Rd.'),(31,'Herrod P. Petty','377-8745 Aliquam Av.'),(32,'Kennan H. Buckley','206-6101 Sed Chemin'),(33,'Remedios J. Farley','Appartement 732-9061 Eu, Av.'),(34,'Keane S. Blackburn','CP 137, 229 At Route'),(35,'Olivia R. Mcmahon','Appartement 684-3516 Ultricies Rd.'),(36,'Paula I. Collins','119-1988 Ac Avenue'),(37,'Noble C. Holloway','641-4426 Integer Chemin'),(38,'Tobias I. Guzman','CP 143, 7189 Dolor Route'),(39,'Marah Q. Bruce','289-8744 Penatibus Avenue'),(40,'Buffy O. Hodge','CP 359, 8954 Fringilla Rue'),(41,'Lynn V. Fuentes','952-1008 Ante. Rd.'),(42,'Ava Q. Knight','CP 984, 4506 Sed Avenue'),(43,'Rahim F. White','CP 145, 3727 Leo Av.'),(44,'Nigel K. Harding','Appartement 374-776 Sem Chemin'),(45,'Laurel A. Jensen','Appartement 102-208 Vivamus Chemin'),(46,'Urielle M. Olsen','Appartement 947-2351 Ligula. Chemin'),(47,'Tanisha Q. Ewing','CP 138, 4505 Justo Av.'),(48,'Bernard R. Dean','735-3228 Sociis Rd.'),(49,'Slade M. Newton','CP 741, 3446 Et Impasse'),(50,'Portia Z. Washington','8418 Dolor Impasse'),(51,'Azalia F. Wilkerson','Appartement 532-9141 Elit, Ave'),(52,'Kennan I. Dominguez','472-6646 Metus. Chemin'),(53,'Chava J. Douglas','8498 Odio. Ave'),(54,'Frances P. Ewing','112-3532 Non, Route'),(55,'Asher W. Horne','651 Penatibus Rd.'),(56,'Berk U. Fox','CP 789, 7790 Orci Rd.'),(57,'Salvador O. Tanner','7713 Diam Route'),(58,'Wayne N. Ramirez','Appartement 447-8665 Interdum Ave'),(59,'Amethyst D. Richmond','556-182 Amet Route'),(60,'Alma D. Barron','CP 157, 8764 Suspendisse Chemin'),(61,'Joseph C. Moore','3407 Pede, Rd.'),(62,'Desiree N. Vargas','528 Nec Chemin'),(63,'Solomon W. Quinn','642-9499 Aptent Rd.'),(64,'Lesley Q. Dale','CP 556, 8528 Consequat Rd.'),(65,'Robin X. Brooks','7809 Nec Avenue'),(66,'Catherine T. Kim','CP 297, 4030 Id, Avenue'),(67,'Anne O. Bates','3811 Egestas. Avenue'),(68,'Taylor P. Watkins','CP 300, 2357 Erat Ave'),(69,'Mohammad Q. Harmon','CP 908, 6615 Tincidunt Rue'),(70,'Venus K. Lynn','265-9314 Mauris Chemin'),(71,'Seth O. Welch','505-9651 Et Ave'),(72,'Ariana R. Rose','Appartement 897-4869 Ligula. Chemin'),(73,'Paloma U. Ryan','604-7083 Metus. Av.'),(74,'Caesar U. Chang','518-881 Velit. Chemin'),(75,'Ashton P. Hendricks','757-5330 Donec Avenue'),(76,'Glenna Q. Clark','Appartement 690-6237 Semper Impasse'),(77,'Melissa O. Heath','Appartement 417-2587 Diam. Rue'),(78,'Avram K. Hood','CP 898, 7303 Sit Ave'),(79,'Solomon F. Bray','Appartement 929-5818 Montes, Chemin'),(80,'Tana V. Bishop','393-4847 Proin Impasse'),(81,'Rama K. Roth','447-2312 Mi Avenue'),(82,'Alyssa V. Monroe','CP 735, 8553 Orci, Rue'),(83,'Britanney R. Mcleod','CP 339, 9340 Lacus, Chemin'),(84,'Brittany K. Peck','Appartement 776-6703 Montes, Chemin'),(85,'Sigourney R. Quinn','828-5476 Libero Impasse'),(86,'Bryar Z. Fischer','CP 143, 5015 Nulla Chemin'),(87,'Justin J. Rocha','300-3197 Semper. Route'),(88,'Dennis B. Barrett','Appartement 866-5455 Nec, Avenue'),(89,'Felix D. Vega','739-143 In Avenue'),(90,'Vera S. Phillips','CP 999, 5042 Hendrerit Impasse'),(91,'Jonas H. Talley','2692 Egestas, Avenue'),(92,'Caleb M. Oliver','668-5150 Montes, Avenue'),(93,'Shoshana J. James','354-8679 Morbi Rue'),(94,'Xyla O. Marsh','5795 Malesuada Route'),(95,'Myra I. Dickson','6449 Pede. Route'),(96,'Maia E. Franklin','7107 Malesuada Ave'),(97,'Branden O. Solomon','CP 456, 4699 Ullamcorper Avenue'),(98,'Jillian H. Hull','Appartement 724-3580 Vel Chemin'),(99,'Aaron M. Bowman','Appartement 381-8361 Elit. Av.'),(100,'Gannon Y. Melton','1806 Ipsum Rue');

TRUNCATE TABLE locations3;
SET datestyle = "ISO, DMY";
INSERT INTO locations3 (NoDVD,DateLocation,NoClient,DureeLocation) VALUES (49,'22/03/2015',39,4),(385,'12/05/2015',84,1),(725,'11/03/2015',91,10),(897,'14/02/2015',77,4),(183,'01/07/2015',34,8),(893,'13/09/2015',64,8),(619,'12/04/2015',31,5),(918,'22/03/2015',20,8),(152,'10/02/2015',87,5),(887,'17/09/2015',51,6),(541,'23/03/2015',71,10),(319,'27/01/2015',88,10),(190,'08/07/2015',25,2),(247,'04/09/2015',90,5),(626,'22/06/2015',93,8),(612,'30/01/2015',80,9),(86,'26/06/2015',67,10),(945,'22/06/2015',75,2),(42,'24/05/2015',18,10),(849,'03/05/2015',42,7),(422,'31/03/2015',65,5),(555,'08/06/2015',33,7),(142,'17/09/2015',62,2),(118,'05/07/2015',28,4),(59,'07/03/2015',16,1),(791,'10/02/2015',56,10),(11,'10/07/2015',6,3),(873,'16/02/2015',59,9),(346,'04/04/2015',76,5),(69,'21/09/2015',58,9),(531,'05/09/2015',52,4),(94,'07/07/2015',47,3),(885,'19/06/2015',75,3),(129,'18/01/2015',87,8),(148,'30/06/2015',79,3),(686,'25/07/2015',82,3),(2,'01/08/2015',54,10),(841,'18/03/2015',59,7),(135,'31/08/2015',79,2),(111,'22/02/2015',25,8),(314,'15/07/2015',35,1),(935,'06/07/2015',38,9),(54,'02/09/2015',46,4),(349,'02/01/2015',2,8),(715,'22/04/2015',90,1),(733,'09/08/2015',97,4),(916,'24/01/2015',56,1),(135,'24/03/2015',34,7),(398,'01/04/2015',38,8),(821,'27/08/2015',12,2),(799,'01/05/2015',42,8),(425,'30/05/2015',69,5),(837,'20/06/2015',7,6),(926,'18/01/2015',89,9),(211,'06/08/2015',90,10),(314,'18/02/2015',50,10),(137,'04/01/2015',93,10),(52,'05/01/2015',95,8),(717,'02/07/2015',91,5),(471,'05/06/2015',82,10),(725,'12/02/2015',65,3),(458,'24/01/2015',7,1),(19,'02/02/2015',99,2),(330,'27/05/2015',86,7),(770,'29/01/2015',30,8),(602,'18/03/2015',19,5),(875,'05/02/2015',94,7),(151,'18/03/2015',85,5),(772,'14/02/2015',7,5),(392,'10/06/2015',31,10),(60,'04/04/2015',92,1),(281,'10/08/2015',20,5),(915,'21/06/2015',97,1),(839,'10/03/2015',32,7),(195,'09/08/2015',24,6),(80,'06/03/2015',71,10),(418,'26/02/2015',65,7),(248,'12/05/2015',20,2),(898,'29/05/2015',83,7),(3,'05/02/2015',71,9),(947,'22/02/2015',72,3),(73,'18/09/2015',46,6),(911,'12/03/2015',5,4),(901,'28/01/2015',8,3),(123,'24/08/2015',66,10),(197,'11/09/2015',41,9),(268,'06/07/2015',37,5),(581,'20/03/2015',7,3),(698,'09/08/2015',50,8),(562,'11/03/2015',6,8),(317,'07/09/2015',82,8),(11,'25/08/2015',42,9),(699,'20/07/2015',67,1),(70,'17/08/2015',54,7),(66,'08/02/2015',32,1),(28,'20/06/2015',3,4),(842,'16/04/2015',79,9),(82,'12/04/2015',21,3),(821,'01/06/2015',28,10),(705,'07/01/2015',14,7);
INSERT INTO locations3 (NoDVD,DateLocation,NoClient,DureeLocation) VALUES (4,'21/05/2015',11,3),(827,'05/03/2015',10,1),(1,'21/05/2015',48,7),(433,'19/06/2015',1,8),(316,'25/04/2015',38,1),(927,'15/06/2015',75,4),(249,'02/08/2015',93,6),(404,'12/02/2015',2,8),(768,'22/01/2015',48,7),(593,'19/05/2015',21,10),(486,'10/09/2015',74,9),(949,'04/06/2015',43,4),(747,'11/07/2015',19,8),(27,'08/05/2015',88,5),(963,'03/08/2015',18,5),(53,'07/09/2015',54,6),(3,'07/01/2015',56,5),(900,'12/01/2015',36,4),(142,'16/06/2015',55,8),(102,'02/06/2015',54,3),(618,'09/02/2015',30,4),(669,'26/06/2015',43,6),(700,'29/06/2015',78,1),(757,'26/05/2015',83,5),(20,'05/01/2015',50,6),(981,'10/03/2015',93,3),(944,'09/04/2015',32,2),(470,'10/01/2015',25,1),(779,'10/08/2015',73,2),(101,'03/01/2015',70,10),(630,'15/01/2015',38,2),(503,'31/08/2015',83,7),(59,'26/06/2015',44,4),(130,'28/01/2015',94,10),(342,'17/05/2015',15,7),(23,'06/04/2015',65,5),(72,'20/04/2015',74,10),(297,'02/08/2015',74,3),(168,'12/08/2015',12,2),(364,'30/05/2015',59,9),(932,'19/01/2015',57,3),(462,'20/08/2015',9,10),(693,'25/02/2015',53,4),(372,'16/06/2015',37,1),(983,'12/03/2015',99,8),(636,'27/01/2015',78,9),(398,'07/09/2015',90,6),(672,'05/02/2015',23,9),(634,'07/02/2015',15,1),(525,'11/08/2015',60,8),(146,'27/02/2015',56,5),(15,'10/01/2015',13,6),(506,'02/03/2015',39,7),(889,'05/05/2015',82,9),(752,'28/07/2015',53,2),(233,'10/01/2015',20,8),(242,'23/06/2015',3,8),(541,'22/06/2015',52,4),(976,'21/01/2015',11,2),(192,'12/08/2015',21,9),(710,'30/04/2015',79,10),(182,'26/02/2015',87,4),(923,'21/03/2015',92,8),(802,'05/08/2015',2,6),(131,'29/03/2015',17,1),(783,'28/07/2015',18,8),(699,'08/07/2015',58,9),(986,'24/08/2015',49,9),(709,'22/01/2015',42,8),(482,'15/08/2015',6,10),(788,'23/08/2015',17,6),(179,'06/05/2015',6,10),(601,'28/07/2015',20,4),(438,'26/05/2015',88,9),(369,'01/03/2015',32,3),(836,'08/02/2015',80,4),(294,'21/08/2015',17,7),(937,'10/03/2015',73,5),(727,'17/07/2015',36,3),(949,'26/06/2015',46,2),(102,'21/05/2015',87,10),(6,'09/08/2015',66,2),(590,'07/06/2015',62,4),(690,'29/07/2015',15,9),(716,'06/05/2015',36,9),(339,'26/02/2015',56,2),(692,'08/07/2015',50,1),(482,'16/07/2015',51,5),(850,'20/05/2015',27,6),(524,'28/02/2015',45,7),(977,'13/01/2015',91,10),(829,'07/09/2015',28,9),(345,'26/01/2015',94,2),(832,'17/02/2015',27,9),(298,'02/03/2015',66,4),(895,'20/01/2015',94,10),(510,'17/05/2015',34,9),(837,'02/07/2015',65,9),(836,'29/01/2015',94,4),(69,'05/09/2015',14,7);
INSERT INTO locations3 (NoDVD,DateLocation,NoClient,DureeLocation) VALUES (479,'21/04/2015',38,3),(243,'07/08/2015',2,7),(974,'03/08/2015',3,8),(915,'06/05/2015',61,3),(235,'18/01/2015',73,10),(682,'15/05/2015',96,3),(584,'07/03/2015',88,6),(788,'31/08/2015',45,9),(650,'13/04/2015',17,1),(978,'22/02/2015',28,10),(527,'05/01/2015',75,9),(949,'19/06/2015',80,4),(162,'21/06/2015',40,1),(360,'16/07/2015',45,9),(726,'26/02/2015',67,2),(563,'20/04/2015',27,4),(78,'10/07/2015',34,9),(440,'02/02/2015',51,8),(674,'24/01/2015',99,2),(796,'06/09/2015',8,2),(766,'12/07/2015',66,10),(184,'26/03/2015',98,5),(161,'16/02/2015',22,2),(810,'22/01/2015',78,10),(146,'04/04/2015',42,8),(603,'04/05/2015',66,9),(745,'15/06/2015',13,2),(825,'12/02/2015',15,2),(5,'11/07/2015',55,1),(499,'30/05/2015',38,9),(48,'08/03/2015',78,1),(469,'12/02/2015',91,6),(41,'03/06/2015',91,1),(358,'18/04/2015',64,1),(590,'20/07/2015',52,1),(960,'24/06/2015',52,1),(162,'02/02/2015',91,9),(976,'22/08/2015',50,3),(218,'12/06/2015',34,8),(58,'06/02/2015',27,1),(446,'24/07/2015',71,4),(988,'13/03/2015',13,1),(136,'19/02/2015',63,3),(305,'06/04/2015',71,8),(868,'22/01/2015',100,3),(914,'29/07/2015',97,9),(132,'21/06/2015',31,2),(754,'28/02/2015',92,4),(434,'21/07/2015',65,9),(332,'24/07/2015',72,1),(380,'27/08/2015',58,6),(401,'28/05/2015',2,1),(557,'04/06/2015',23,1),(412,'26/03/2015',64,5),(370,'09/02/2015',59,2),(917,'27/02/2015',46,9),(186,'26/03/2015',49,9),(792,'24/05/2015',26,9),(194,'01/03/2015',75,1),(11,'15/02/2015',38,9),(562,'19/06/2015',49,7),(578,'29/07/2015',34,9),(43,'12/03/2015',78,6),(971,'13/02/2015',95,6),(387,'13/09/2015',16,9),(599,'02/05/2015',15,3),(566,'01/02/2015',66,3),(689,'19/01/2015',78,4),(540,'06/01/2015',63,9),(657,'01/08/2015',22,10),(984,'18/04/2015',45,1),(855,'17/03/2015',38,6),(143,'18/09/2015',21,8),(636,'07/09/2015',41,9),(506,'16/04/2015',75,1),(562,'14/02/2015',58,3),(595,'05/04/2015',92,8),(526,'20/01/2015',20,10),(345,'18/03/2015',25,8),(227,'27/05/2015',42,1),(43,'16/04/2015',88,8),(333,'07/03/2015',52,9),(299,'27/06/2015',31,1),(976,'11/07/2015',61,8),(777,'16/09/2015',98,7),(309,'31/03/2015',55,2),(571,'10/03/2015',67,6),(97,'24/06/2015',15,8),(374,'22/05/2015',98,3),(654,'03/07/2015',38,4),(355,'02/08/2015',79,10),(978,'20/08/2015',21,6),(676,'11/04/2015',23,8),(125,'04/01/2015',15,5),(889,'03/06/2015',55,7),(172,'16/08/2015',75,6),(618,'22/07/2015',52,9),(948,'16/03/2015',46,9),(561,'17/04/2015',99,1),(277,'27/08/2015',44,4);
INSERT INTO locations3 (NoDVD,DateLocation,NoClient,DureeLocation) VALUES (234,'07/05/2015',36,5),(739,'07/07/2015',24,6),(662,'25/08/2015',70,1),(245,'19/05/2015',86,3),(936,'02/01/2015',50,1),(167,'31/08/2015',94,4),(402,'25/06/2015',18,8),(76,'07/02/2015',77,2),(495,'10/09/2015',57,1),(324,'13/07/2015',81,5),(798,'26/01/2015',66,9),(805,'07/07/2015',26,8),(708,'08/02/2015',8,3),(904,'09/09/2015',80,9),(929,'04/09/2015',44,8),(979,'02/05/2015',76,5),(981,'12/08/2015',100,1),(64,'05/01/2015',51,8),(277,'17/09/2015',65,5),(642,'21/02/2015',16,3),(882,'17/09/2015',13,7),(101,'10/05/2015',17,1),(21,'24/01/2015',9,10),(382,'02/09/2015',22,2),(208,'18/01/2015',62,4),(741,'01/06/2015',70,8),(619,'23/01/2015',74,5),(104,'30/03/2015',41,9),(145,'13/07/2015',29,9),(441,'25/04/2015',62,7),(733,'29/06/2015',77,9),(549,'03/08/2015',58,3),(180,'21/07/2015',80,6),(748,'04/05/2015',29,3),(30,'22/01/2015',89,4),(275,'23/01/2015',2,4),(984,'20/04/2015',49,1),(764,'16/03/2015',48,6),(772,'21/01/2015',51,8),(435,'19/09/2015',93,6),(458,'25/08/2015',60,2),(257,'07/06/2015',52,3),(617,'07/01/2015',72,3),(318,'28/06/2015',81,8),(669,'07/02/2015',53,3),(350,'17/09/2015',30,1),(173,'29/01/2015',40,4),(968,'06/06/2015',2,3),(720,'18/05/2015',26,1),(958,'04/03/2015',24,2),(884,'19/09/2015',30,7),(276,'16/06/2015',9,4),(682,'16/02/2015',18,8),(14,'17/05/2015',26,5),(934,'22/02/2015',53,4),(976,'29/01/2015',2,6),(174,'08/09/2015',99,8),(22,'30/06/2015',49,5),(262,'28/03/2015',60,9),(672,'18/05/2015',40,10),(258,'14/01/2015',8,1),(886,'16/03/2015',42,5),(891,'19/08/2015',77,8),(271,'02/07/2015',26,9),(75,'02/01/2015',14,10),(396,'05/03/2015',69,10),(764,'20/03/2015',21,9),(388,'09/07/2015',82,9),(931,'19/03/2015',19,4),(169,'13/01/2015',23,8),(755,'07/05/2015',95,3),(255,'22/07/2015',7,4),(984,'04/02/2015',52,1),(211,'05/09/2015',99,2),(680,'16/05/2015',98,8),(529,'11/01/2015',100,7),(890,'27/04/2015',43,4),(382,'08/02/2015',75,5),(104,'16/05/2015',11,4),(679,'21/04/2015',64,9),(110,'21/02/2015',8,10),(234,'14/08/2015',17,4),(784,'01/09/2015',21,10),(148,'06/04/2015',33,7),(535,'03/03/2015',24,10),(31,'13/01/2015',72,1),(178,'01/09/2015',73,6),(352,'24/05/2015',1,1),(131,'23/07/2015',27,10),(273,'27/08/2015',12,9),(840,'18/08/2015',52,2),(813,'16/03/2015',44,9),(810,'16/03/2015',72,4),(535,'28/02/2015',93,6),(491,'04/04/2015',46,4),(76,'07/09/2015',1,6),(781,'16/05/2015',17,7),(769,'11/05/2015',58,6),(482,'17/03/2015',95,3);
INSERT INTO locations3 (NoDVD,DateLocation,NoClient,DureeLocation) VALUES (873,'27/07/2015',64,4),(862,'04/01/2015',68,2),(610,'08/06/2015',67,4),(176,'06/06/2015',53,5),(256,'11/07/2015',3,6),(375,'24/08/2015',8,6),(164,'08/07/2015',36,7),(223,'29/04/2015',33,2),(79,'05/01/2015',55,7),(421,'22/08/2015',39,1),(551,'20/05/2015',8,3),(589,'04/06/2015',10,9),(51,'30/08/2015',72,2),(166,'18/05/2015',15,3),(404,'02/06/2015',68,2),(794,'19/06/2015',97,4),(695,'12/07/2015',42,2),(696,'29/05/2015',28,3),(830,'07/04/2015',93,2),(615,'08/03/2015',99,2),(710,'26/04/2015',49,8),(963,'16/03/2015',35,9),(571,'14/07/2015',46,7),(408,'22/04/2015',46,4),(443,'18/06/2015',84,6),(943,'13/04/2015',67,9),(449,'27/06/2015',19,10),(425,'16/05/2015',52,8),(784,'19/05/2015',53,1),(555,'14/06/2015',68,6),(499,'03/01/2015',55,9),(11,'15/06/2015',3,5),(230,'22/02/2015',18,9),(103,'03/05/2015',51,9),(851,'20/02/2015',29,2),(38,'26/06/2015',11,1),(479,'30/05/2015',95,7),(113,'27/07/2015',74,9),(776,'17/06/2015',67,1),(327,'13/04/2015',25,2),(650,'04/04/2015',86,7),(96,'16/03/2015',53,6),(747,'06/07/2015',31,6),(478,'02/04/2015',51,4),(320,'10/08/2015',37,4),(963,'05/04/2015',15,1),(137,'21/06/2015',1,10),(250,'26/04/2015',20,6),(264,'22/03/2015',12,8),(998,'07/02/2015',29,7),(804,'04/07/2015',56,7),(37,'07/03/2015',49,10),(436,'19/06/2015',75,10),(235,'15/03/2015',18,1),(275,'23/08/2015',52,10),(159,'11/09/2015',36,6),(568,'01/04/2015',50,2),(882,'03/05/2015',24,10),(486,'16/08/2015',93,5),(251,'18/04/2015',72,8),(644,'24/05/2015',86,6),(487,'11/07/2015',13,1),(939,'01/03/2015',26,2),(357,'16/09/2015',13,6),(862,'11/01/2015',86,4),(645,'14/07/2015',79,1),(938,'16/03/2015',2,7),(864,'30/06/2015',32,6),(549,'27/02/2015',12,7),(838,'01/02/2015',69,10),(894,'31/07/2015',99,9),(357,'21/03/2015',44,9),(410,'05/09/2015',65,9),(192,'25/07/2015',80,5),(950,'07/02/2015',64,10),(61,'08/07/2015',85,4),(430,'02/03/2015',37,10),(532,'12/04/2015',59,5),(577,'25/01/2015',11,6),(627,'02/02/2015',64,5),(642,'22/05/2015',4,6),(608,'29/08/2015',31,1),(763,'17/02/2015',3,2),(474,'31/03/2015',81,8),(749,'11/06/2015',91,5),(279,'07/04/2015',98,8),(293,'04/06/2015',43,1),(392,'01/02/2015',44,5),(460,'06/07/2015',100,4),(647,'02/06/2015',96,4),(118,'17/03/2015',41,8),(511,'19/08/2015',23,2),(85,'14/04/2015',81,7),(185,'08/07/2015',97,6),(209,'25/08/2015',67,4),(362,'16/04/2015',86,9),(711,'27/04/2015',34,3),(802,'12/07/2015',98,1),(812,'22/05/2015',48,7),(323,'09/03/2015',95,1);
INSERT INTO locations3 (NoDVD,DateLocation,NoClient,DureeLocation) VALUES (511,'07/06/2015',21,2),(342,'12/02/2015',75,4),(987,'07/01/2015',35,1),(564,'09/04/2015',19,1),(155,'06/02/2015',81,10),(91,'12/03/2015',6,2),(624,'05/01/2015',33,5),(93,'30/03/2015',60,9),(66,'23/07/2015',14,6),(511,'07/01/2015',78,4),(813,'22/01/2015',37,6),(692,'24/03/2015',68,9),(146,'06/09/2015',50,1),(728,'17/08/2015',36,10),(216,'03/07/2015',50,2),(649,'26/01/2015',95,6),(239,'09/08/2015',14,6),(360,'20/07/2015',30,9),(813,'28/05/2015',56,4),(56,'05/08/2015',26,7),(899,'22/01/2015',95,4),(674,'01/08/2015',31,9),(704,'02/02/2015',74,8),(582,'01/02/2015',14,3),(964,'21/01/2015',15,10),(952,'24/08/2015',20,1),(282,'21/09/2015',33,7),(222,'24/07/2015',56,6),(112,'21/09/2015',67,1),(601,'06/09/2015',53,7),(909,'24/03/2015',10,9),(446,'19/06/2015',31,5),(666,'16/08/2015',90,3),(9,'29/01/2015',84,9),(96,'19/07/2015',90,1),(784,'25/02/2015',41,5),(829,'22/03/2015',82,8),(912,'30/01/2015',93,4),(930,'16/08/2015',88,8),(630,'20/02/2015',84,3),(764,'04/02/2015',17,8),(686,'01/07/2015',38,10),(153,'05/08/2015',21,9),(269,'07/05/2015',65,10),(461,'18/09/2015',73,9),(479,'16/05/2015',30,4),(178,'23/02/2015',55,8),(614,'16/01/2015',1,3),(715,'08/05/2015',89,8),(884,'01/06/2015',74,7),(721,'01/05/2015',31,8),(992,'09/06/2015',96,5),(588,'25/01/2015',9,5),(841,'03/02/2015',47,4),(395,'27/08/2015',60,2),(684,'09/05/2015',3,10),(36,'18/03/2015',81,3),(473,'25/01/2015',89,10),(179,'20/09/2015',78,10),(558,'12/07/2015',25,9),(880,'06/09/2015',22,5),(876,'13/05/2015',94,9),(330,'06/01/2015',28,9),(360,'16/08/2015',82,2),(885,'11/01/2015',70,7),(518,'07/08/2015',40,5),(659,'26/01/2015',97,10),(985,'12/01/2015',47,1),(638,'17/01/2015',59,7),(876,'06/02/2015',31,1),(948,'02/06/2015',65,10),(645,'06/02/2015',28,4),(703,'27/02/2015',41,9),(301,'24/04/2015',78,9),(523,'11/08/2015',83,7),(109,'22/03/2015',79,8),(321,'07/09/2015',36,5),(967,'19/04/2015',75,3),(851,'20/01/2015',65,3),(621,'02/08/2015',13,10),(825,'22/01/2015',82,3),(397,'20/02/2015',14,3),(950,'28/02/2015',72,2),(531,'11/05/2015',97,3),(946,'29/08/2015',56,1),(635,'07/03/2015',80,3),(307,'11/02/2015',74,3),(620,'25/07/2015',26,7),(862,'31/08/2015',85,9),(401,'31/05/2015',23,10),(255,'11/07/2015',17,3),(340,'16/06/2015',44,7),(895,'07/01/2015',74,9),(120,'25/06/2015',32,2),(269,'11/03/2015',94,4),(750,'29/01/2015',29,2),(797,'05/04/2015',33,4),(85,'05/05/2015',98,3),(317,'15/03/2015',52,5),(18,'28/07/2015',89,9);
INSERT INTO locations3 (NoDVD,DateLocation,NoClient,DureeLocation) VALUES (871,'07/02/2015',68,6),(631,'01/04/2015',54,1),(315,'25/04/2015',90,3),(863,'20/09/2015',67,4),(2,'13/05/2015',16,2),(111,'15/04/2015',45,8),(159,'18/02/2015',20,5),(401,'07/03/2015',22,5),(753,'27/04/2015',58,2),(395,'25/01/2015',63,5),(298,'24/08/2015',53,2),(321,'25/06/2015',99,5),(553,'15/03/2015',38,8),(917,'07/03/2015',28,6),(309,'24/04/2015',37,3),(625,'01/09/2015',76,2),(85,'22/08/2015',27,2),(593,'29/04/2015',43,1),(724,'03/07/2015',22,6),(289,'21/07/2015',4,10),(614,'08/05/2015',38,7),(109,'10/03/2015',79,2),(549,'11/08/2015',3,1),(908,'20/01/2015',35,10),(387,'13/05/2015',77,2),(31,'19/08/2015',61,5),(70,'20/08/2015',38,2),(802,'13/02/2015',11,1),(955,'05/05/2015',30,4),(911,'11/09/2015',60,3),(447,'03/08/2015',12,3),(562,'22/02/2015',49,10),(168,'24/04/2015',56,1),(500,'11/04/2015',19,5),(137,'25/01/2015',1,4),(426,'04/03/2015',12,9),(431,'27/05/2015',70,5),(350,'10/02/2015',5,3),(781,'26/06/2015',47,2),(983,'03/01/2015',69,5),(236,'01/08/2015',17,1),(825,'03/02/2015',33,1),(824,'17/03/2015',32,6),(17,'20/08/2015',14,9),(87,'12/09/2015',89,2),(912,'21/02/2015',100,10),(326,'25/01/2015',81,7),(216,'09/04/2015',72,1),(174,'21/01/2015',38,9),(111,'24/05/2015',95,5),(871,'14/03/2015',17,4),(951,'05/07/2015',36,3),(789,'09/09/2015',28,2),(383,'09/08/2015',85,4),(25,'21/01/2015',51,8),(714,'14/08/2015',55,5),(466,'07/04/2015',36,5),(435,'21/01/2015',21,4),(204,'13/09/2015',16,2),(616,'29/06/2015',16,8),(568,'23/01/2015',34,9),(661,'01/06/2015',11,6),(327,'07/01/2015',11,2),(583,'07/01/2015',42,7),(209,'05/05/2015',49,7),(467,'16/03/2015',71,2),(954,'09/03/2015',81,3),(821,'01/04/2015',73,1),(280,'26/05/2015',69,5),(693,'04/06/2015',46,8),(720,'25/04/2015',100,3),(781,'18/06/2015',35,9),(390,'18/09/2015',55,9),(390,'30/04/2015',42,6),(156,'17/03/2015',41,2),(840,'30/03/2015',24,5),(345,'25/07/2015',55,10),(327,'11/08/2015',72,5),(17,'24/08/2015',82,7),(249,'12/09/2015',13,1),(265,'19/07/2015',76,5),(778,'06/04/2015',83,7),(807,'11/04/2015',4,1),(21,'08/04/2015',84,10),(433,'01/01/2015',80,9),(945,'01/06/2015',12,5),(486,'28/05/2015',50,3),(619,'08/07/2015',7,1),(821,'08/04/2015',11,4),(742,'03/09/2015',55,10),(968,'05/07/2015',70,3),(581,'19/02/2015',78,1),(331,'02/08/2015',95,1),(501,'09/08/2015',79,9),(13,'13/06/2015',12,3),(963,'04/03/2015',78,1),(643,'14/07/2015',19,4),(255,'13/01/2015',19,2),(122,'12/04/2015',96,1),(964,'14/03/2015',50,9);
INSERT INTO locations3 (NoDVD,DateLocation,NoClient,DureeLocation) VALUES (236,'12/08/2015',45,1),(79,'01/06/2015',2,5),(16,'25/04/2015',4,8),(934,'21/07/2015',64,7),(911,'02/09/2015',74,1),(711,'03/01/2015',95,5),(169,'23/04/2015',98,8),(499,'27/04/2015',65,3),(286,'26/08/2015',59,3),(867,'05/05/2015',54,9),(684,'09/03/2015',42,9),(498,'23/01/2015',20,10),(594,'31/07/2015',45,8),(981,'13/01/2015',62,6),(859,'21/07/2015',83,1),(964,'27/04/2015',46,5),(842,'26/04/2015',69,8),(76,'02/09/2015',38,3),(719,'03/08/2015',57,8),(701,'09/04/2015',23,4),(443,'01/03/2015',75,10),(595,'30/04/2015',17,10),(719,'16/06/2015',86,10),(611,'31/08/2015',94,8),(326,'28/02/2015',67,9),(9,'20/05/2015',67,1),(947,'01/04/2015',27,4),(894,'04/05/2015',41,4),(844,'24/02/2015',92,5),(123,'12/08/2015',3,1),(397,'16/09/2015',67,10),(310,'10/02/2015',55,7),(881,'03/09/2015',13,2),(483,'16/04/2015',36,6),(812,'16/08/2015',15,9),(519,'31/01/2015',30,2),(521,'23/03/2015',35,3),(999,'14/01/2015',1,3),(951,'08/05/2015',15,4),(788,'11/09/2015',98,4),(457,'10/05/2015',57,2),(505,'24/08/2015',21,8),(816,'26/08/2015',71,1),(386,'03/05/2015',73,2),(546,'29/06/2015',4,4),(689,'02/09/2015',28,2),(211,'25/04/2015',13,9),(970,'27/05/2015',79,3),(119,'05/07/2015',59,1),(736,'20/02/2015',74,10),(414,'25/03/2015',91,10),(413,'17/06/2015',5,1),(450,'25/05/2015',29,1),(797,'25/02/2015',59,6),(14,'26/05/2015',38,7),(509,'05/04/2015',58,4),(164,'15/02/2015',7,4),(156,'03/03/2015',44,4),(198,'23/08/2015',41,8),(979,'21/01/2015',82,3),(677,'19/03/2015',62,2),(105,'17/08/2015',27,7),(346,'23/08/2015',30,1),(171,'06/03/2015',45,3),(156,'14/09/2015',68,4),(938,'23/08/2015',70,7),(717,'28/03/2015',59,10),(21,'25/01/2015',50,1),(33,'08/08/2015',71,8),(623,'16/05/2015',20,6),(869,'24/08/2015',30,1),(974,'23/04/2015',67,9),(883,'05/09/2015',32,4),(222,'03/08/2015',88,3),(235,'30/08/2015',14,9),(481,'05/05/2015',42,5),(633,'26/01/2015',12,7),(928,'16/03/2015',92,5),(517,'20/04/2015',95,1),(570,'19/08/2015',44,8),(864,'11/08/2015',82,5),(60,'01/09/2015',76,6),(983,'01/01/2015',92,5),(298,'03/06/2015',67,5),(667,'11/04/2015',41,7),(33,'21/05/2015',82,7),(202,'20/01/2015',54,9),(975,'14/03/2015',60,5),(969,'05/09/2015',56,10),(52,'14/06/2015',33,2),(645,'11/02/2015',61,1),(131,'09/06/2015',85,3),(351,'06/09/2015',52,4),(602,'12/02/2015',79,1),(243,'17/08/2015',8,1),(769,'16/07/2015',18,1),(997,'13/06/2015',89,7),(648,'19/04/2015',86,7),(531,'09/03/2015',21,2);
INSERT INTO locations3 (NoDVD,DateLocation,NoClient,DureeLocation) VALUES (21,'09/04/2015',27,6),(350,'03/09/2015',82,5),(409,'15/09/2015',57,7),(870,'10/05/2015',97,6),(223,'05/08/2015',31,2),(228,'03/07/2015',68,3),(177,'07/01/2015',45,2),(236,'30/06/2015',95,9),(111,'29/03/2015',56,1),(648,'13/03/2015',92,5),(401,'29/05/2015',15,5),(754,'15/04/2015',93,2),(192,'16/07/2015',13,10),(357,'30/08/2015',46,2),(57,'28/08/2015',83,10),(902,'26/08/2015',76,7),(723,'29/06/2015',88,10),(483,'10/01/2015',36,10),(930,'25/01/2015',73,3),(500,'02/05/2015',80,10),(66,'29/05/2015',97,6),(483,'20/04/2015',79,2),(609,'29/03/2015',52,8),(417,'15/05/2015',25,2),(747,'27/07/2015',3,4),(334,'21/07/2015',6,7),(658,'28/07/2015',84,5),(577,'02/02/2015',30,2),(233,'19/09/2015',64,6),(577,'12/09/2015',78,1),(726,'13/09/2015',10,5),(344,'23/01/2015',47,6),(303,'08/09/2015',23,10),(149,'01/07/2015',82,10),(51,'20/04/2015',88,7),(515,'26/02/2015',35,6),(397,'28/08/2015',83,5),(713,'27/04/2015',69,6),(207,'23/05/2015',92,5),(26,'01/03/2015',89,3),(664,'28/04/2015',66,4),(586,'08/09/2015',93,10),(154,'10/05/2015',18,1),(478,'28/02/2015',62,8),(47,'20/08/2015',49,4),(443,'28/08/2015',68,8),(958,'08/01/2015',37,4),(460,'03/07/2015',60,2),(442,'10/02/2015',29,7),(966,'20/08/2015',76,8),(609,'03/08/2015',16,8),(703,'18/02/2015',87,3),(597,'29/04/2015',24,5),(145,'25/06/2015',83,7),(460,'27/03/2015',79,10),(717,'19/05/2015',46,6),(349,'27/03/2015',60,9),(86,'11/03/2015',97,6),(670,'17/04/2015',38,7),(961,'28/02/2015',31,1),(799,'19/08/2015',14,1),(663,'09/05/2015',44,3),(543,'21/02/2015',48,6),(302,'06/03/2015',29,2),(789,'18/08/2015',71,7),(335,'23/01/2015',83,2),(184,'18/01/2015',89,10),(83,'15/01/2015',19,7),(729,'07/07/2015',47,7),(749,'25/01/2015',39,9),(815,'16/01/2015',96,2),(139,'24/05/2015',63,7),(680,'01/04/2015',52,4),(874,'23/04/2015',23,5),(948,'03/01/2015',13,7),(489,'02/05/2015',7,9),(245,'16/08/2015',84,1),(259,'04/05/2015',35,10),(572,'18/05/2015',92,1),(440,'07/02/2015',17,10),(546,'07/05/2015',94,3),(83,'03/03/2015',16,7),(939,'04/09/2015',89,2),(576,'21/02/2015',58,8),(789,'23/03/2015',65,4),(469,'20/03/2015',36,5),(540,'21/07/2015',75,10),(493,'28/02/2015',1,1),(85,'24/01/2015',12,4),(730,'06/01/2015',63,2),(389,'13/05/2015',17,1),(540,'31/07/2015',33,7),(102,'24/06/2015',41,1),(411,'07/01/2015',8,9),(676,'11/03/2015',73,6),(634,'08/02/2015',2,5),(254,'18/06/2015',55,6),(758,'20/02/2015',12,3),(349,'25/08/2015',93,4),(227,'04/01/2015',77,5);
INSERT INTO locations3 (NoDVD,DateLocation,NoClient,DureeLocation) VALUES (685,'26/07/2015',16,3),(207,'09/05/2015',30,9),(832,'26/06/2015',66,10),(985,'19/06/2015',15,7),(87,'25/08/2015',27,5),(634,'13/01/2015',48,4),(386,'16/08/2015',88,7),(364,'16/03/2015',3,7),(582,'08/07/2015',45,7),(508,'14/02/2015',3,3),(464,'14/01/2015',70,5),(108,'07/01/2015',65,8),(533,'09/03/2015',60,6),(886,'03/04/2015',73,9),(380,'04/02/2015',28,7),(958,'08/04/2015',92,5),(921,'04/03/2015',79,8),(363,'28/05/2015',77,9),(560,'26/03/2015',16,10),(28,'10/07/2015',10,10),(553,'30/01/2015',100,8),(300,'06/06/2015',43,5),(230,'21/09/2015',30,8),(566,'16/06/2015',38,7),(433,'31/01/2015',52,7),(710,'13/06/2015',11,3),(462,'23/07/2015',98,10),(277,'19/08/2015',63,7),(703,'18/07/2015',65,4),(413,'17/03/2015',16,10),(75,'17/02/2015',15,10),(80,'14/05/2015',32,6),(942,'06/09/2015',65,4),(781,'10/08/2015',63,4),(307,'08/06/2015',60,2),(185,'30/05/2015',18,8),(530,'23/06/2015',64,8),(592,'17/08/2015',27,10),(202,'26/02/2015',82,9),(553,'06/07/2015',81,6),(733,'18/04/2015',53,6),(710,'23/07/2015',56,2),(372,'04/04/2015',68,9),(627,'20/06/2015',54,3),(531,'07/08/2015',88,2),(383,'21/06/2015',25,6),(526,'15/07/2015',80,1),(479,'18/09/2015',83,4),(590,'13/02/2015',98,2),(626,'03/04/2015',47,1),(719,'15/02/2015',25,10),(545,'15/04/2015',20,9),(498,'01/08/2015',68,2),(625,'23/07/2015',90,1),(18,'03/08/2015',13,4),(310,'11/09/2015',4,3),(663,'18/07/2015',76,6),(396,'01/01/2015',76,10),(455,'05/05/2015',32,3),(905,'26/04/2015',13,10),(576,'27/07/2015',44,1),(697,'10/04/2015',59,3),(890,'07/04/2015',42,2),(538,'09/07/2015',6,10),(329,'13/08/2015',79,6),(584,'23/08/2015',58,6),(131,'10/08/2015',25,2),(645,'17/07/2015',69,6),(757,'28/06/2015',42,9),(966,'09/02/2015',53,6),(940,'20/02/2015',78,7),(108,'24/07/2015',67,1),(814,'13/04/2015',9,6),(778,'07/09/2015',3,1),(486,'20/02/2015',17,3),(610,'02/09/2015',93,10),(567,'25/06/2015',97,2),(80,'14/06/2015',66,8),(242,'26/08/2015',75,9),(551,'16/04/2015',98,1),(112,'29/05/2015',7,9),(566,'05/09/2015',10,5),(399,'11/02/2015',35,4),(613,'05/07/2015',12,8),(27,'23/05/2015',15,3),(612,'11/07/2015',28,7),(274,'06/06/2015',73,10),(440,'23/08/2015',96,1),(483,'21/08/2015',87,8),(266,'27/07/2015',66,10),(490,'08/06/2015',50,9),(372,'18/05/2015',55,4),(439,'03/09/2015',68,9),(517,'17/05/2015',31,8),(61,'28/07/2015',36,4),(520,'21/02/2015',70,6),(458,'28/07/2015',80,2),(715,'04/05/2015',80,8),(152,'25/07/2015',70,9),(277,'20/08/2015',11,1);
INSERT INTO locations3 (NoDVD,DateLocation,NoClient,DureeLocation) VALUES (539,'02/03/2015',39,1),(58,'14/06/2015',36,2),(114,'22/03/2015',76,4),(569,'24/02/2015',84,1),(257,'12/07/2015',94,2),(220,'07/09/2015',13,7),(22,'19/09/2015',83,2),(38,'29/05/2015',58,2),(476,'01/06/2015',18,2),(160,'30/01/2015',68,1),(378,'01/04/2015',35,6),(539,'29/04/2015',43,5),(111,'09/01/2015',14,8),(779,'11/05/2015',73,8),(418,'15/01/2015',97,3),(510,'21/09/2015',31,5),(873,'28/06/2015',37,7),(131,'19/05/2015',36,7),(414,'31/05/2015',92,4),(706,'11/04/2015',37,9),(15,'13/04/2015',42,9),(526,'12/09/2015',83,7),(581,'08/05/2015',63,9),(717,'15/04/2015',13,4),(586,'09/02/2015',9,3),(106,'17/03/2015',65,2),(837,'23/07/2015',97,7),(928,'25/06/2015',5,9),(957,'09/03/2015',32,5),(214,'02/07/2015',85,6),(351,'04/09/2015',51,3),(451,'17/01/2015',77,8),(998,'06/02/2015',4,9),(723,'30/06/2015',72,6),(936,'01/06/2015',12,3),(685,'19/07/2015',39,5),(395,'30/07/2015',47,1),(847,'06/01/2015',87,9),(618,'06/01/2015',30,7),(98,'17/07/2015',15,7),(895,'15/05/2015',13,3),(532,'30/04/2015',55,2),(127,'02/06/2015',65,6),(773,'30/03/2015',57,9),(214,'01/05/2015',47,4),(280,'17/06/2015',17,5),(434,'31/03/2015',77,4),(994,'22/08/2015',25,2),(651,'25/06/2015',33,4),(450,'17/06/2015',68,3),(766,'26/05/2015',47,10),(930,'29/05/2015',12,2),(530,'08/02/2015',100,3),(519,'21/05/2015',2,1),(591,'09/08/2015',96,10),(560,'18/08/2015',3,4),(819,'23/07/2015',19,9),(302,'26/06/2015',66,4),(1,'21/03/2015',5,10),(859,'26/02/2015',56,1),(113,'01/05/2015',97,4),(364,'18/02/2015',92,1),(778,'04/02/2015',8,2),(916,'03/02/2015',53,7),(531,'19/01/2015',21,9),(543,'18/09/2015',20,4),(589,'19/09/2015',94,8),(382,'26/06/2015',9,7),(507,'20/06/2015',17,3),(531,'08/03/2015',8,8),(168,'28/07/2015',58,4),(845,'04/06/2015',67,3),(745,'21/05/2015',83,7),(911,'11/05/2015',59,8),(821,'21/06/2015',35,7),(978,'10/01/2015',75,5),(69,'10/06/2015',81,8),(972,'06/03/2015',43,10),(529,'25/02/2015',32,2),(371,'01/02/2015',49,9),(22,'14/07/2015',27,3),(582,'08/04/2015',89,2),(767,'23/06/2015',66,3),(728,'05/07/2015',81,10),(673,'17/02/2015',92,3),(385,'07/03/2015',38,3),(626,'04/09/2015',23,8),(227,'03/08/2015',8,4),(533,'14/07/2015',74,8),(890,'13/05/2015',73,1),(871,'11/06/2015',9,2),(449,'10/01/2015',94,5),(308,'08/06/2015',68,9),(598,'11/09/2015',96,2),(820,'26/08/2015',97,7),(135,'21/08/2015',83,5),(920,'17/04/2015',31,2),(654,'20/02/2015',35,8),(153,'22/05/2015',90,1),(117,'05/09/2015',34,3);
INSERT INTO locations3 (NoDVD,DateLocation,NoClient,DureeLocation) VALUES (543,'15/01/2015',22,3),(3,'25/07/2015',69,6),(316,'22/06/2015',16,5),(879,'19/07/2015',11,1),(549,'27/05/2015',76,6),(349,'25/07/2015',12,9),(508,'01/08/2015',64,8),(712,'03/03/2015',85,6),(891,'07/01/2015',77,4),(980,'09/09/2015',73,6),(981,'16/01/2015',24,2),(812,'14/01/2015',10,10),(826,'19/09/2015',31,7),(830,'23/03/2015',39,2),(816,'08/08/2015',21,3),(776,'27/06/2015',57,6),(146,'03/08/2015',9,10),(600,'11/08/2015',71,2),(501,'12/05/2015',57,10),(601,'17/05/2015',86,8),(919,'20/07/2015',96,1),(258,'05/04/2015',49,7),(553,'25/02/2015',59,1),(885,'05/05/2015',91,7),(326,'03/06/2015',98,6),(208,'17/09/2015',49,5),(153,'18/02/2015',41,2),(173,'07/04/2015',37,2),(492,'18/06/2015',69,2),(268,'14/01/2015',71,8),(951,'26/02/2015',39,8),(175,'16/09/2015',87,9),(229,'30/05/2015',23,6),(313,'28/06/2015',6,5),(786,'21/09/2015',68,6),(132,'31/03/2015',78,4),(278,'31/01/2015',27,2),(620,'03/06/2015',76,9),(7,'16/09/2015',27,7),(534,'14/02/2015',49,4),(14,'22/08/2015',77,9),(80,'06/08/2015',88,6),(135,'13/01/2015',25,2),(367,'27/02/2015',32,1),(357,'04/01/2015',73,1),(886,'21/07/2015',77,3),(322,'15/05/2015',16,3),(941,'30/06/2015',4,10),(664,'15/09/2015',68,4),(255,'03/08/2015',60,10),(879,'23/04/2015',29,9),(968,'09/08/2015',78,6),(180,'01/06/2015',33,7),(81,'30/01/2015',27,2),(970,'01/05/2015',56,3),(229,'25/07/2015',37,3),(632,'22/07/2015',27,4),(584,'23/05/2015',81,10),(771,'02/07/2015',1,9),(28,'11/04/2015',40,2),(643,'02/09/2015',88,9),(557,'03/05/2015',48,3),(355,'17/05/2015',10,6),(366,'24/04/2015',16,10),(310,'06/03/2015',78,7),(75,'29/01/2015',92,2),(692,'01/08/2015',75,2),(25,'08/02/2015',59,1),(472,'23/06/2015',8,3),(83,'01/02/2015',63,10),(356,'15/05/2015',97,4),(474,'02/05/2015',72,7),(934,'08/06/2015',68,3),(667,'04/04/2015',66,10),(289,'29/03/2015',67,2),(679,'15/08/2015',88,10),(493,'19/03/2015',72,3),(512,'07/01/2015',89,7),(887,'12/06/2015',58,2),(490,'20/05/2015',84,7),(863,'04/03/2015',79,2),(433,'12/05/2015',82,9),(146,'31/01/2015',35,10),(232,'22/01/2015',51,3),(231,'20/02/2015',97,1),(21,'31/05/2015',34,8),(418,'12/05/2015',18,7),(493,'14/03/2015',24,7),(405,'05/09/2015',98,5),(653,'26/02/2015',94,6),(49,'16/08/2015',64,4),(630,'30/05/2015',10,8),(486,'19/02/2015',78,2),(699,'21/08/2015',31,7),(817,'12/05/2015',13,10),(598,'01/05/2015',54,6),(219,'21/02/2015',59,4),(948,'12/03/2015',94,4),(168,'30/05/2015',95,5);
INSERT INTO locations3 (NoDVD,DateLocation,NoClient,DureeLocation) VALUES (899,'18/03/2015',64,7),(958,'12/09/2015',81,4),(959,'06/05/2015',99,3),(962,'10/03/2015',70,7),(201,'09/01/2015',81,10),(593,'17/01/2015',87,7),(282,'01/04/2015',80,5),(595,'30/08/2015',3,2),(539,'26/03/2015',100,9),(929,'17/09/2015',11,4),(576,'20/06/2015',31,7),(808,'26/06/2015',48,4),(264,'20/06/2015',48,4),(109,'22/07/2015',16,2),(263,'08/02/2015',65,6),(752,'27/07/2015',14,1),(186,'20/04/2015',99,2),(395,'01/02/2015',69,9),(82,'05/08/2015',53,1),(578,'09/01/2015',37,6),(522,'27/02/2015',42,8),(927,'09/08/2015',11,5),(159,'24/05/2015',36,9),(486,'08/05/2015',83,9),(181,'18/09/2015',64,2),(54,'04/09/2015',76,4),(336,'21/07/2015',48,8),(211,'26/04/2015',61,5),(547,'13/01/2015',85,1),(688,'28/03/2015',38,2),(393,'20/08/2015',62,9),(229,'26/02/2015',2,7),(3,'07/07/2015',13,10),(614,'15/02/2015',15,9),(611,'15/02/2015',83,4),(106,'04/02/2015',60,7),(842,'25/02/2015',21,5),(430,'13/01/2015',59,1),(94,'07/01/2015',70,8),(535,'04/08/2015',39,4),(304,'03/02/2015',95,7),(376,'31/05/2015',4,8),(153,'17/08/2015',85,4),(72,'05/01/2015',41,6),(814,'13/01/2015',23,5),(552,'17/08/2015',43,1),(331,'17/07/2015',49,9),(420,'06/07/2015',24,5),(838,'14/08/2015',57,7),(119,'21/05/2015',23,10),(565,'22/05/2015',73,10),(204,'20/07/2015',49,9),(82,'16/09/2015',95,1),(481,'05/06/2015',95,10),(808,'05/06/2015',77,2),(885,'06/08/2015',70,8),(642,'29/01/2015',11,5),(833,'11/02/2015',52,9),(681,'06/09/2015',32,2),(75,'23/01/2015',92,9),(721,'19/05/2015',45,10),(176,'29/01/2015',9,5),(454,'08/01/2015',77,6),(850,'07/05/2015',14,2),(655,'02/04/2015',58,9),(210,'27/07/2015',80,4),(466,'23/03/2015',47,9),(885,'08/07/2015',37,6),(801,'24/07/2015',34,5),(170,'19/07/2015',94,10),(14,'12/01/2015',92,1),(4,'10/05/2015',1,5),(696,'02/05/2015',25,3),(554,'03/09/2015',79,4),(352,'12/05/2015',59,9),(828,'22/05/2015',95,1),(331,'28/05/2015',15,2),(638,'31/07/2015',9,6),(1,'30/01/2015',6,4),(788,'11/06/2015',37,10),(661,'26/03/2015',56,3),(481,'26/04/2015',86,8),(417,'21/02/2015',66,4),(652,'27/08/2015',32,10),(945,'10/05/2015',36,3),(50,'21/03/2015',58,6),(678,'23/02/2015',100,6),(299,'10/01/2015',76,2),(628,'14/04/2015',57,4),(365,'24/07/2015',15,7),(1000,'05/01/2015',62,10),(778,'13/07/2015',6,6),(48,'09/03/2015',74,5),(600,'20/01/2015',54,9),(304,'31/07/2015',49,7),(884,'02/03/2015',90,8),(194,'11/06/2015',88,4),(372,'05/05/2015',83,7),(466,'20/08/2015',15,4),(419,'18/01/2015',98,9);
INSERT INTO locations3 (NoDVD,DateLocation,NoClient,DureeLocation) VALUES (256,'14/03/2015',32,3),(430,'05/04/2015',7,3),(498,'06/05/2015',82,6),(320,'19/01/2015',76,1),(103,'07/07/2015',78,8),(602,'15/02/2015',44,9),(606,'27/06/2015',10,7),(47,'08/02/2015',42,4),(348,'05/03/2015',9,7),(726,'28/02/2015',38,8),(996,'21/03/2015',56,4),(131,'27/01/2015',2,7),(1000,'08/03/2015',75,3),(259,'29/05/2015',33,3),(553,'09/05/2015',100,5),(936,'28/06/2015',17,7),(438,'27/01/2015',37,3),(830,'22/03/2015',55,2),(197,'02/01/2015',62,6),(409,'18/09/2015',98,1),(956,'17/04/2015',49,9),(897,'12/06/2015',13,8),(67,'09/07/2015',66,3),(6,'15/01/2015',66,9),(992,'27/03/2015',3,6),(394,'04/02/2015',9,8),(561,'20/09/2015',31,1),(441,'03/06/2015',15,9),(520,'08/08/2015',27,5),(932,'16/09/2015',96,8),(326,'23/03/2015',3,4),(430,'20/07/2015',53,6),(830,'22/06/2015',41,4),(251,'25/01/2015',73,2),(713,'13/07/2015',98,9),(576,'23/04/2015',56,9),(216,'24/02/2015',5,1),(664,'01/09/2015',26,3),(672,'24/08/2015',78,3),(715,'30/05/2015',6,10),(790,'28/03/2015',17,6),(63,'26/05/2015',87,9),(149,'22/03/2015',4,8),(475,'04/06/2015',65,4),(54,'23/03/2015',3,6),(923,'24/06/2015',81,6),(549,'05/07/2015',16,3),(323,'26/01/2015',35,6),(659,'10/01/2015',90,2),(879,'07/08/2015',50,8),(457,'23/07/2015',52,3),(48,'20/06/2015',98,7),(892,'27/02/2015',73,7),(134,'03/09/2015',71,3),(261,'17/05/2015',81,3),(236,'31/08/2015',17,4),(113,'07/04/2015',2,7),(336,'21/02/2015',89,4),(868,'11/03/2015',24,8),(1000,'18/07/2015',99,3),(195,'09/04/2015',3,5),(127,'12/08/2015',94,4),(500,'18/01/2015',94,9),(484,'17/08/2015',50,10),(924,'13/09/2015',91,2),(976,'02/06/2015',32,10),(406,'09/03/2015',80,7),(610,'25/02/2015',9,10),(434,'02/02/2015',40,9),(881,'24/05/2015',60,4),(992,'30/04/2015',12,7),(635,'06/04/2015',98,8),(474,'03/07/2015',38,4),(835,'20/08/2015',36,8),(736,'17/08/2015',28,2),(339,'20/08/2015',84,9),(149,'16/09/2015',23,2),(36,'20/05/2015',95,4),(556,'09/08/2015',64,10),(992,'17/05/2015',45,5),(851,'18/08/2015',15,5),(585,'07/02/2015',32,4),(213,'23/06/2015',89,7),(331,'10/05/2015',66,6),(266,'03/01/2015',60,5),(426,'29/04/2015',81,4),(763,'30/07/2015',70,9),(730,'17/04/2015',60,9),(933,'09/07/2015',5,8),(694,'24/06/2015',22,7),(259,'31/07/2015',34,3),(784,'02/03/2015',50,10),(28,'18/06/2015',10,4),(68,'10/06/2015',42,8),(98,'16/04/2015',17,5),(498,'12/09/2015',88,4),(216,'01/06/2015',29,2),(459,'17/06/2015',24,10),(546,'27/02/2015',47,10),(780,'12/02/2015',50,5);
INSERT INTO locations3 (NoDVD,DateLocation,NoClient,DureeLocation) VALUES (220,'23/08/2015',21,1),(386,'19/06/2015',71,1),(553,'26/05/2015',69,6),(688,'15/03/2015',70,6),(939,'29/08/2015',78,2),(415,'22/06/2015',94,10),(848,'11/07/2015',99,10),(345,'09/04/2015',66,5),(969,'19/07/2015',68,9),(45,'18/07/2015',57,1),(17,'04/02/2015',41,3),(713,'11/04/2015',63,1),(332,'12/08/2015',84,1),(15,'11/06/2015',53,7),(308,'05/07/2015',44,8),(103,'17/06/2015',86,10),(146,'13/05/2015',28,2),(257,'01/08/2015',51,6),(877,'14/04/2015',5,10),(775,'13/09/2015',51,4),(697,'13/04/2015',86,6),(493,'05/03/2015',52,8),(108,'12/01/2015',76,9),(879,'19/05/2015',9,4),(488,'15/06/2015',59,7),(771,'25/08/2015',40,2),(603,'09/03/2015',29,1),(156,'02/05/2015',49,2),(204,'18/07/2015',14,9),(413,'14/08/2015',37,6),(535,'03/02/2015',57,10),(773,'26/08/2015',48,5),(143,'04/05/2015',6,2),(440,'30/01/2015',79,1),(133,'20/08/2015',48,3),(746,'13/05/2015',81,7),(374,'16/04/2015',6,2),(329,'17/07/2015',86,1),(88,'24/05/2015',78,4),(714,'22/02/2015',34,8),(97,'27/07/2015',71,3),(510,'30/01/2015',8,7),(430,'15/03/2015',95,7),(80,'25/01/2015',13,8),(978,'11/04/2015',50,3),(150,'17/04/2015',64,2),(456,'07/09/2015',70,1),(513,'08/06/2015',90,5),(918,'02/08/2015',64,7),(931,'28/06/2015',15,3),(296,'31/03/2015',65,1),(735,'05/01/2015',91,7),(60,'20/05/2015',83,4),(345,'28/06/2015',94,10),(7,'09/08/2015',77,3),(687,'23/08/2015',75,10),(261,'18/08/2015',61,2),(455,'27/05/2015',19,8),(661,'25/05/2015',37,5),(204,'26/04/2015',16,2),(135,'09/09/2015',95,1),(68,'25/06/2015',67,4),(981,'17/02/2015',82,10),(828,'02/08/2015',59,7),(245,'27/02/2015',73,5),(177,'06/04/2015',91,7),(497,'25/06/2015',40,9),(388,'24/03/2015',62,9),(71,'21/08/2015',1,10),(177,'19/08/2015',42,1),(914,'16/06/2015',94,2),(79,'18/03/2015',40,5),(990,'02/02/2015',41,4),(394,'06/08/2015',23,7),(123,'20/04/2015',5,6),(17,'21/04/2015',14,7),(326,'04/07/2015',75,2),(218,'05/05/2015',85,4),(978,'22/05/2015',51,1),(300,'08/06/2015',85,3),(483,'15/07/2015',88,9),(833,'01/08/2015',5,2),(345,'21/08/2015',86,4),(536,'11/06/2015',23,6),(785,'18/08/2015',2,5),(437,'28/04/2015',9,7),(479,'04/06/2015',16,8),(6,'20/08/2015',11,5),(340,'14/09/2015',29,2),(510,'07/04/2015',27,7),(386,'06/05/2015',21,7),(585,'29/04/2015',36,5),(346,'01/03/2015',83,2),(206,'23/04/2015',40,6),(663,'12/06/2015',31,10),(748,'27/04/2015',88,3),(585,'07/04/2015',47,8),(681,'05/02/2015',72,3),(848,'29/01/2015',56,3),(543,'23/08/2015',82,1);
INSERT INTO locations3 (NoDVD,DateLocation,NoClient,DureeLocation) VALUES (540,'09/05/2015',22,2),(946,'05/01/2015',95,10),(759,'18/06/2015',49,6),(108,'06/03/2015',20,6),(847,'10/05/2015',79,4),(352,'16/03/2015',90,8),(862,'01/05/2015',97,6),(908,'21/07/2015',45,8),(100,'31/03/2015',81,10),(972,'29/06/2015',45,10),(316,'08/07/2015',65,2),(378,'27/07/2015',45,8),(852,'19/06/2015',56,7),(879,'25/02/2015',62,3),(217,'03/02/2015',86,1),(254,'04/05/2015',48,9),(64,'09/06/2015',70,1),(289,'24/02/2015',92,1),(559,'08/08/2015',83,2),(44,'22/01/2015',38,7),(913,'25/06/2015',37,10),(281,'07/07/2015',85,1),(317,'04/05/2015',41,2),(227,'17/01/2015',94,2),(891,'01/04/2015',51,7),(771,'15/03/2015',71,2),(755,'15/07/2015',68,2),(202,'21/04/2015',56,10),(698,'28/05/2015',33,3),(219,'01/04/2015',53,7),(185,'23/07/2015',11,6),(51,'26/02/2015',59,10),(43,'27/04/2015',15,8),(101,'30/03/2015',39,6),(966,'28/08/2015',99,9),(393,'23/08/2015',54,3),(848,'04/08/2015',41,8),(376,'25/01/2015',77,7),(570,'03/02/2015',57,9),(124,'21/07/2015',24,9),(736,'05/01/2015',30,6),(227,'05/06/2015',92,2),(752,'28/02/2015',63,9),(645,'28/03/2015',9,1),(260,'21/06/2015',13,4),(831,'09/08/2015',75,8),(93,'20/09/2015',95,4),(771,'05/07/2015',38,10),(172,'05/01/2015',32,1),(561,'24/02/2015',67,4),(49,'29/03/2015',35,3),(932,'16/01/2015',89,2),(744,'22/07/2015',40,10),(130,'03/08/2015',73,10),(452,'26/08/2015',38,9),(213,'09/02/2015',21,8),(274,'18/04/2015',40,10),(368,'14/03/2015',76,5),(263,'27/02/2015',35,4),(313,'15/05/2015',87,9),(885,'22/06/2015',8,5),(853,'09/04/2015',27,4),(575,'08/03/2015',44,3),(942,'28/02/2015',10,8),(468,'13/05/2015',85,3),(379,'17/07/2015',38,6),(309,'28/03/2015',38,10),(726,'08/09/2015',18,2),(921,'09/06/2015',44,7),(858,'02/09/2015',3,2),(712,'02/01/2015',84,9),(657,'27/04/2015',78,1),(662,'08/02/2015',68,6),(873,'06/05/2015',34,4),(738,'23/06/2015',71,8),(687,'03/04/2015',81,7),(93,'02/08/2015',24,10),(805,'13/05/2015',32,3),(828,'26/04/2015',32,8),(468,'09/04/2015',28,6),(158,'09/03/2015',22,4),(336,'04/01/2015',37,9),(362,'03/07/2015',59,1),(952,'15/02/2015',17,5),(83,'09/03/2015',15,5),(236,'25/06/2015',5,8),(751,'25/04/2015',99,2),(667,'01/08/2015',1,3),(119,'29/05/2015',45,4),(679,'30/04/2015',76,6),(409,'06/07/2015',66,7),(569,'09/03/2015',78,1),(332,'20/06/2015',86,4),(447,'08/09/2015',74,4),(410,'28/02/2015',22,1),(546,'10/04/2015',41,10),(447,'12/03/2015',81,9),(395,'29/01/2015',8,2),(975,'22/03/2015',100,6),(741,'24/04/2015',24,4);
INSERT INTO locations3 (NoDVD,DateLocation,NoClient,DureeLocation) VALUES (739,'27/05/2015',65,8),(415,'28/08/2015',25,9),(979,'23/02/2015',47,1),(876,'15/05/2015',33,8),(489,'10/05/2015',11,7),(55,'06/07/2015',22,2),(116,'05/01/2015',1,7),(351,'30/04/2015',22,9),(806,'12/03/2015',35,2),(786,'24/03/2015',8,3),(583,'28/06/2015',49,8),(910,'18/09/2015',54,2),(686,'14/07/2015',92,6),(163,'11/04/2015',82,10),(219,'10/06/2015',42,1),(317,'22/07/2015',53,1),(132,'20/05/2015',84,1),(789,'10/07/2015',22,3),(836,'12/04/2015',42,4),(140,'27/05/2015',98,10),(984,'06/03/2015',32,4),(522,'22/07/2015',92,8),(13,'10/03/2015',62,1),(834,'09/02/2015',66,7),(849,'04/05/2015',95,8),(101,'03/07/2015',16,2),(271,'14/08/2015',24,8),(886,'15/09/2015',31,10),(26,'21/05/2015',2,2),(235,'01/05/2015',98,8),(111,'08/05/2015',61,9),(712,'21/06/2015',42,6),(275,'07/07/2015',18,3),(82,'04/09/2015',53,2),(930,'27/04/2015',60,7),(568,'15/01/2015',29,8),(49,'17/06/2015',10,9),(317,'11/01/2015',30,6),(91,'14/02/2015',69,6),(156,'01/05/2015',71,2),(107,'06/08/2015',87,5),(183,'13/02/2015',70,4),(195,'19/04/2015',51,4),(252,'05/05/2015',63,5),(672,'04/07/2015',62,1),(650,'07/04/2015',87,10),(537,'20/04/2015',15,6),(580,'24/04/2015',78,6),(30,'12/06/2015',66,6),(283,'22/07/2015',73,8),(402,'01/08/2015',64,9),(461,'30/04/2015',29,8),(170,'15/04/2015',35,8),(790,'12/05/2015',42,1),(277,'05/08/2015',38,6),(407,'21/03/2015',19,2),(739,'09/07/2015',44,7),(12,'08/05/2015',22,9),(380,'12/01/2015',76,7),(601,'10/01/2015',65,5),(858,'16/07/2015',34,6),(830,'10/02/2015',82,6),(791,'29/05/2015',6,3),(940,'23/03/2015',7,2),(762,'06/06/2015',11,5),(636,'07/03/2015',3,8),(466,'19/04/2015',77,8),(520,'10/01/2015',46,5),(853,'21/04/2015',86,10),(522,'11/04/2015',96,7),(879,'05/07/2015',67,7),(475,'30/03/2015',67,2),(64,'02/02/2015',84,8),(37,'24/01/2015',54,6),(461,'13/01/2015',38,9),(867,'10/09/2015',14,6),(473,'21/03/2015',99,10),(614,'27/06/2015',25,2),(77,'06/03/2015',19,9),(10,'30/05/2015',90,3),(228,'12/09/2015',86,8),(887,'19/05/2015',2,9),(429,'14/02/2015',85,10),(250,'17/09/2015',83,3),(333,'18/04/2015',36,1),(880,'05/02/2015',65,1),(839,'27/01/2015',70,3),(519,'22/03/2015',20,10),(842,'08/02/2015',8,4),(556,'20/02/2015',11,5),(17,'19/08/2015',71,10),(881,'23/04/2015',63,9),(977,'23/03/2015',15,3),(574,'03/08/2015',16,5),(697,'10/09/2015',79,7),(306,'11/08/2015',42,4),(479,'14/01/2015',58,6),(283,'06/07/2015',53,2),(360,'08/08/2015',43,9),(895,'26/05/2015',10,8);
INSERT INTO locations3 (NoDVD,DateLocation,NoClient,DureeLocation) VALUES (669,'13/01/2015',95,3),(668,'11/04/2015',79,9),(566,'28/02/2015',40,10),(797,'13/04/2015',50,6),(692,'03/02/2015',22,3),(327,'29/07/2015',69,6),(496,'26/07/2015',60,9),(494,'04/08/2015',92,1),(697,'14/04/2015',99,10),(515,'17/05/2015',49,5),(363,'11/08/2015',29,5),(280,'30/06/2015',67,9),(642,'10/05/2015',58,3),(129,'31/05/2015',13,6),(217,'05/08/2015',82,1),(912,'07/05/2015',54,9),(714,'30/07/2015',94,2),(669,'20/04/2015',46,10),(293,'03/05/2015',54,4),(84,'17/05/2015',29,8),(246,'10/02/2015',84,8),(43,'25/08/2015',80,9),(960,'16/09/2015',81,7),(86,'14/09/2015',16,9),(157,'14/06/2015',83,2),(754,'22/07/2015',36,9),(395,'05/04/2015',12,8),(853,'29/06/2015',36,2),(20,'22/04/2015',94,5),(343,'21/03/2015',47,7),(93,'15/01/2015',71,9),(119,'12/03/2015',91,2),(808,'20/09/2015',91,5),(347,'17/07/2015',71,6),(97,'31/03/2015',9,1),(361,'16/04/2015',49,3),(388,'11/05/2015',29,1),(577,'05/07/2015',85,9),(652,'17/04/2015',74,3),(335,'01/09/2015',57,1),(473,'07/03/2015',55,3),(16,'16/06/2015',75,3),(844,'18/06/2015',74,1),(141,'09/02/2015',87,2),(535,'02/08/2015',61,2),(860,'09/08/2015',95,7),(20,'27/01/2015',53,8),(966,'03/02/2015',88,6),(451,'20/02/2015',42,8),(323,'04/07/2015',22,9),(109,'25/04/2015',8,3),(166,'20/05/2015',49,8),(237,'16/03/2015',69,2),(447,'01/03/2015',5,1),(886,'20/08/2015',67,2),(257,'20/07/2015',41,2),(377,'23/03/2015',42,6),(221,'26/03/2015',90,6),(967,'05/01/2015',23,6),(318,'18/06/2015',35,6),(54,'24/04/2015',95,9),(347,'22/03/2015',62,6),(11,'16/07/2015',31,5),(380,'06/09/2015',78,2),(433,'06/09/2015',48,6),(209,'21/09/2015',12,3),(585,'23/03/2015',29,8),(686,'13/03/2015',1,1),(277,'15/08/2015',28,9),(374,'13/03/2015',27,4),(624,'17/02/2015',15,9),(151,'04/06/2015',18,2),(44,'28/04/2015',23,6),(195,'04/07/2015',70,2),(694,'20/02/2015',34,7),(262,'24/05/2015',18,5),(931,'13/01/2015',59,8),(847,'11/05/2015',41,8),(231,'14/06/2015',4,3),(307,'19/07/2015',8,5),(5,'26/07/2015',77,3),(172,'16/03/2015',39,1),(117,'08/02/2015',32,9),(691,'01/05/2015',66,1),(408,'31/08/2015',55,1),(457,'11/09/2015',26,5),(420,'04/01/2015',86,8),(289,'11/06/2015',89,7),(812,'02/02/2015',39,8),(353,'03/05/2015',10,5),(978,'29/01/2015',7,4),(631,'22/07/2015',78,5),(393,'02/01/2015',97,8),(279,'09/01/2015',18,5),(762,'17/04/2015',3,9),(66,'27/05/2015',69,3),(444,'31/03/2015',87,8),(143,'11/02/2015',75,6),(332,'26/02/2015',66,7),(91,'21/03/2015',14,8);
INSERT INTO locations3 (NoDVD,DateLocation,NoClient,DureeLocation) VALUES (696,'27/07/2015',78,9),(426,'15/09/2015',77,1),(580,'29/07/2015',48,6),(741,'23/01/2015',79,6),(249,'29/08/2015',84,8),(212,'05/01/2015',10,4),(174,'06/08/2015',46,6),(598,'13/09/2015',74,1),(150,'08/08/2015',2,8),(85,'14/03/2015',3,9),(314,'20/06/2015',66,2),(266,'04/02/2015',2,10),(629,'16/05/2015',88,9),(895,'21/08/2015',32,6),(141,'02/04/2015',7,4),(518,'02/09/2015',29,7),(675,'29/08/2015',42,5),(403,'16/07/2015',66,5),(588,'03/08/2015',87,6),(641,'03/01/2015',47,7),(414,'09/02/2015',91,7),(165,'08/09/2015',83,2),(692,'29/06/2015',95,1),(590,'19/09/2015',33,7),(178,'08/08/2015',47,3),(315,'21/03/2015',60,2),(401,'12/03/2015',68,6),(678,'22/02/2015',35,4),(530,'24/02/2015',56,9),(291,'29/06/2015',6,6),(522,'13/06/2015',66,8),(189,'05/07/2015',62,4),(509,'22/01/2015',58,4),(979,'31/03/2015',82,2),(247,'10/09/2015',88,10),(264,'18/03/2015',78,10),(503,'12/07/2015',78,7),(836,'27/01/2015',99,10),(352,'16/01/2015',96,8),(186,'04/02/2015',16,1),(515,'19/06/2015',71,4),(905,'09/02/2015',96,6),(553,'22/05/2015',88,6),(709,'31/05/2015',86,8),(151,'16/08/2015',91,10),(718,'08/08/2015',93,1),(513,'02/03/2015',26,7),(304,'10/09/2015',18,6),(724,'07/05/2015',21,8),(344,'30/07/2015',52,10),(849,'06/01/2015',51,4),(34,'14/07/2015',65,2),(711,'20/07/2015',97,7),(34,'24/02/2015',98,3),(688,'17/01/2015',58,10),(251,'21/01/2015',51,8),(735,'02/01/2015',43,9),(895,'03/06/2015',68,10),(714,'19/09/2015',71,1),(836,'18/05/2015',77,1),(847,'31/03/2015',97,5),(694,'17/04/2015',6,2),(767,'01/03/2015',38,4),(757,'28/05/2015',80,6),(764,'03/04/2015',99,6),(932,'04/05/2015',69,9),(126,'18/06/2015',65,7),(145,'01/07/2015',69,9),(886,'24/08/2015',7,8),(31,'25/02/2015',25,3),(191,'10/06/2015',22,7),(252,'09/06/2015',20,2),(74,'07/08/2015',31,6),(96,'10/02/2015',22,6),(21,'30/04/2015',28,7),(66,'13/07/2015',48,1),(787,'13/03/2015',78,9),(290,'19/06/2015',71,5),(435,'18/05/2015',31,10),(416,'17/07/2015',6,4),(789,'22/06/2015',93,6),(358,'17/09/2015',4,10),(931,'04/04/2015',87,3),(99,'10/08/2015',46,1),(584,'28/06/2015',75,1),(232,'02/02/2015',64,3),(872,'05/09/2015',10,2),(122,'08/01/2015',50,9),(640,'09/07/2015',39,10),(942,'07/06/2015',35,2),(10,'07/03/2015',31,2),(177,'27/02/2015',14,6),(948,'14/06/2015',42,6),(351,'08/02/2015',37,10),(59,'19/04/2015',43,7),(593,'02/08/2015',65,9),(516,'12/06/2015',52,2),(42,'24/04/2015',20,10),(522,'28/04/2015',47,7),(514,'28/02/2015',71,6);
INSERT INTO locations3 (NoDVD,DateLocation,NoClient,DureeLocation) VALUES (469,'27/04/2015',92,2),(461,'20/05/2015',45,1),(283,'25/08/2015',80,1),(629,'02/02/2015',35,2),(12,'19/09/2015',41,6),(926,'21/02/2015',28,5),(876,'10/05/2015',44,4),(251,'04/08/2015',7,8),(148,'12/09/2015',66,5),(39,'20/02/2015',14,6),(182,'06/06/2015',12,2),(575,'14/05/2015',21,4),(383,'01/02/2015',4,4),(238,'15/09/2015',7,1),(389,'22/08/2015',66,1),(469,'22/07/2015',95,2),(875,'23/03/2015',61,8),(724,'04/07/2015',47,6),(508,'01/03/2015',5,3),(687,'17/05/2015',78,10),(235,'03/07/2015',47,8),(82,'27/06/2015',70,4),(981,'13/09/2015',50,9),(905,'19/01/2015',35,2),(607,'17/07/2015',34,8),(784,'29/08/2015',74,4),(597,'11/01/2015',49,10),(127,'15/02/2015',66,2),(249,'23/03/2015',10,1),(29,'28/01/2015',6,7),(767,'10/04/2015',62,2),(9,'19/09/2015',27,2),(793,'22/04/2015',32,10),(208,'02/09/2015',12,5),(559,'28/07/2015',52,9),(894,'27/03/2015',87,2),(484,'10/09/2015',20,9),(705,'31/03/2015',25,6),(491,'11/04/2015',60,3),(7,'25/03/2015',17,4),(665,'25/07/2015',82,5),(735,'13/06/2015',21,7),(996,'13/04/2015',34,7),(897,'02/09/2015',33,3),(477,'20/06/2015',75,7),(984,'20/01/2015',46,9),(141,'08/01/2015',46,3),(566,'02/03/2015',49,8),(307,'16/04/2015',77,5),(406,'16/08/2015',46,2),(340,'23/08/2015',60,6),(774,'26/03/2015',16,1),(308,'15/05/2015',100,3),(14,'12/08/2015',3,2),(575,'05/03/2015',81,2),(635,'26/04/2015',23,10),(496,'26/06/2015',10,4),(929,'12/05/2015',6,10),(941,'13/09/2015',48,10),(774,'16/06/2015',66,7),(881,'30/08/2015',26,6),(471,'20/03/2015',43,10),(103,'31/08/2015',84,10),(121,'26/01/2015',69,1),(481,'08/07/2015',53,4),(851,'17/09/2015',7,10),(445,'27/08/2015',8,8),(343,'29/03/2015',21,2),(746,'26/03/2015',12,2),(185,'07/06/2015',4,6),(421,'14/05/2015',3,10),(781,'18/02/2015',31,9),(679,'25/04/2015',54,10),(186,'01/06/2015',51,6),(216,'21/08/2015',37,2),(264,'03/04/2015',42,9),(908,'13/07/2015',27,4),(305,'22/01/2015',15,7),(585,'07/03/2015',31,1),(723,'21/04/2015',64,7),(962,'04/01/2015',91,10),(37,'26/06/2015',39,8),(849,'10/04/2015',57,9),(504,'24/07/2015',68,2),(662,'21/03/2015',70,5),(955,'26/04/2015',48,7),(949,'12/08/2015',78,1),(663,'19/02/2015',16,9),(853,'24/01/2015',1,9),(533,'11/04/2015',6,9),(879,'19/01/2015',84,7),(143,'16/02/2015',24,5),(872,'07/06/2015',93,2),(513,'19/02/2015',24,9),(126,'25/07/2015',94,5),(122,'13/04/2015',69,4),(410,'01/07/2015',71,10),(841,'11/08/2015',54,8),(311,'10/07/2015',43,4),(667,'03/03/2015',48,8);
INSERT INTO locations3 (NoDVD,DateLocation,NoClient,DureeLocation) VALUES (58,'23/02/2015',33,3),(492,'11/02/2015',77,2),(595,'26/06/2015',94,10),(463,'17/07/2015',88,7),(909,'05/08/2015',30,1),(770,'28/02/2015',71,6),(854,'16/04/2015',79,4),(294,'03/04/2015',100,4),(302,'16/05/2015',81,10),(712,'22/03/2015',95,3),(339,'01/04/2015',40,2),(675,'07/05/2015',11,3),(727,'07/04/2015',6,3),(104,'12/02/2015',75,10),(968,'27/03/2015',10,8),(642,'20/09/2015',42,1),(397,'18/03/2015',3,7),(353,'19/05/2015',14,4),(266,'11/05/2015',40,8),(612,'04/06/2015',37,6),(782,'28/07/2015',14,2),(341,'21/09/2015',100,1),(229,'12/03/2015',97,3),(448,'17/01/2015',60,6),(810,'28/01/2015',93,4),(259,'09/08/2015',59,7),(245,'07/05/2015',91,7),(383,'07/08/2015',99,9),(89,'11/02/2015',17,9),(238,'09/07/2015',87,8),(245,'09/07/2015',79,4),(531,'29/06/2015',4,7),(406,'26/03/2015',98,6),(867,'22/06/2015',48,3),(717,'24/04/2015',2,9),(277,'18/03/2015',67,8),(408,'05/01/2015',12,2),(627,'02/09/2015',51,8),(397,'25/05/2015',42,8),(985,'26/03/2015',39,6),(163,'16/07/2015',27,6),(742,'16/01/2015',56,9),(438,'24/06/2015',80,1),(787,'12/01/2015',35,7),(543,'22/01/2015',27,2),(489,'29/08/2015',54,10),(294,'30/04/2015',1,3),(580,'23/02/2015',12,9),(119,'19/05/2015',33,4),(266,'25/07/2015',77,3),(230,'11/07/2015',86,7),(694,'11/05/2015',77,6),(256,'06/04/2015',25,2),(897,'28/01/2015',43,9),(485,'06/09/2015',36,8),(452,'08/03/2015',58,1),(714,'02/06/2015',88,10),(919,'02/04/2015',20,10),(718,'17/03/2015',46,8),(957,'17/03/2015',6,1),(253,'26/02/2015',30,6),(710,'27/03/2015',55,1),(38,'01/08/2015',80,9),(103,'13/02/2015',20,7),(385,'03/08/2015',63,6),(175,'19/08/2015',37,2),(344,'04/05/2015',42,2),(551,'19/01/2015',5,6),(135,'27/04/2015',6,2),(579,'06/02/2015',69,1),(146,'25/05/2015',60,6),(906,'29/08/2015',78,5),(22,'03/05/2015',20,1),(743,'25/08/2015',48,6),(64,'11/02/2015',52,3),(781,'11/02/2015',62,10),(29,'14/01/2015',41,2),(818,'19/09/2015',81,3),(311,'01/09/2015',43,7),(65,'18/01/2015',8,6),(5,'22/03/2015',62,2),(23,'19/05/2015',83,10),(955,'08/05/2015',35,6),(420,'13/09/2015',40,6),(889,'12/02/2015',87,8),(911,'15/04/2015',49,10),(504,'20/01/2015',33,1),(878,'19/04/2015',21,4),(850,'10/07/2015',31,5),(708,'28/01/2015',82,1),(638,'22/06/2015',54,3),(371,'23/03/2015',29,4),(130,'21/08/2015',22,3),(139,'08/07/2015',55,7),(83,'18/04/2015',16,6),(469,'05/04/2015',24,3),(962,'29/05/2015',12,5),(448,'08/05/2015',8,3),(176,'13/07/2015',39,10),(408,'01/09/2015',28,6);
INSERT INTO locations3 (NoDVD,DateLocation,NoClient,DureeLocation) VALUES (901,'02/07/2015',67,7),(26,'29/04/2015',25,2),(608,'13/07/2015',79,10),(812,'15/06/2015',87,2),(381,'25/08/2015',70,9),(735,'23/04/2015',95,7),(872,'05/08/2015',21,1),(332,'07/03/2015',37,3),(480,'28/03/2015',50,8),(292,'18/04/2015',90,8),(74,'19/02/2015',96,10),(19,'26/07/2015',22,7),(995,'16/08/2015',24,2),(244,'07/05/2015',29,6),(124,'23/03/2015',31,6),(193,'27/05/2015',41,4),(708,'27/03/2015',30,8),(845,'18/05/2015',99,1),(503,'25/03/2015',35,3),(501,'09/09/2015',44,6),(614,'22/03/2015',90,6),(557,'20/04/2015',54,1),(716,'20/02/2015',78,5),(884,'14/05/2015',71,1),(907,'14/04/2015',5,7),(469,'16/01/2015',51,9),(559,'26/06/2015',29,2),(472,'22/06/2015',55,1),(17,'06/03/2015',69,8),(694,'11/04/2015',8,6),(242,'10/05/2015',7,8),(189,'14/06/2015',71,7),(562,'05/06/2015',66,6),(144,'22/03/2015',13,3),(679,'29/03/2015',60,1),(256,'11/03/2015',70,2),(847,'08/07/2015',38,3),(589,'06/04/2015',92,2),(999,'04/01/2015',44,8),(542,'20/09/2015',4,9),(138,'02/02/2015',39,6),(690,'14/07/2015',13,9),(807,'04/09/2015',26,1),(123,'19/07/2015',9,2),(983,'20/03/2015',65,2),(498,'17/09/2015',7,6),(619,'14/07/2015',88,1),(941,'16/04/2015',31,8),(946,'03/02/2015',84,8),(810,'09/09/2015',48,7),(120,'28/03/2015',22,6),(53,'01/05/2015',63,4),(980,'26/06/2015',1,6),(382,'24/05/2015',23,9),(761,'06/02/2015',35,6),(250,'14/05/2015',58,1),(1000,'19/03/2015',39,4),(37,'09/01/2015',60,7),(688,'01/04/2015',18,3),(252,'10/02/2015',82,1),(149,'26/04/2015',27,1),(532,'26/07/2015',73,7),(833,'06/08/2015',1,3),(854,'30/06/2015',35,9),(920,'09/03/2015',64,4),(219,'24/01/2015',89,3),(60,'10/08/2015',62,1),(951,'04/09/2015',53,3),(269,'03/06/2015',87,10),(277,'08/04/2015',7,8),(638,'07/07/2015',49,4),(948,'27/01/2015',93,10),(68,'17/01/2015',25,3),(600,'26/04/2015',6,7),(475,'14/01/2015',65,6),(369,'20/05/2015',44,9),(932,'22/05/2015',12,4),(415,'31/03/2015',27,8),(334,'26/05/2015',64,1),(428,'07/08/2015',63,1),(86,'22/02/2015',56,6),(215,'13/08/2015',31,5),(984,'25/01/2015',2,10),(755,'23/08/2015',30,5),(806,'25/08/2015',58,8),(870,'14/02/2015',10,9),(841,'20/04/2015',9,3),(504,'02/08/2015',99,3),(986,'03/01/2015',31,8),(86,'05/04/2015',97,5),(505,'25/04/2015',16,8),(991,'01/09/2015',64,9),(505,'31/03/2015',17,8),(501,'09/06/2015',59,1),(971,'26/01/2015',85,3),(72,'24/08/2015',62,3),(908,'26/07/2015',18,10),(425,'13/01/2015',88,10),(118,'18/02/2015',3,7),(574,'15/01/2015',58,8);
INSERT INTO locations3 (NoDVD,DateLocation,NoClient,DureeLocation) VALUES (788,'15/08/2015',76,10),(945,'21/02/2015',64,2),(940,'29/07/2015',28,3),(794,'17/09/2015',52,5),(92,'27/07/2015',83,9),(400,'07/06/2015',61,6),(586,'15/09/2015',14,5),(995,'19/05/2015',56,8),(487,'30/07/2015',94,1),(173,'12/05/2015',4,8),(983,'13/04/2015',76,7),(791,'14/01/2015',84,10),(956,'24/07/2015',22,7),(551,'17/08/2015',4,9),(208,'30/07/2015',70,5),(99,'20/08/2015',58,10),(38,'13/02/2015',45,9),(170,'03/06/2015',18,7),(74,'17/08/2015',30,2),(815,'02/05/2015',73,3),(476,'31/01/2015',69,2),(371,'09/09/2015',30,9),(693,'06/08/2015',14,9),(846,'12/01/2015',16,8),(294,'12/01/2015',45,4),(374,'09/05/2015',56,6),(503,'25/06/2015',8,3),(74,'16/02/2015',18,8),(835,'19/09/2015',75,8),(882,'31/07/2015',6,2),(33,'13/02/2015',31,5),(889,'19/05/2015',91,2),(768,'21/01/2015',31,2),(51,'27/07/2015',50,4),(942,'02/05/2015',72,9),(465,'19/02/2015',83,4),(973,'04/05/2015',51,6),(654,'02/05/2015',4,4),(672,'09/06/2015',42,1),(207,'29/07/2015',93,8),(189,'04/08/2015',25,6),(450,'21/06/2015',66,3),(666,'17/06/2015',62,8),(878,'10/03/2015',75,9),(335,'15/05/2015',61,2),(529,'14/07/2015',61,3),(231,'08/08/2015',44,2),(875,'26/04/2015',21,6),(772,'03/09/2015',46,2),(578,'13/09/2015',4,2),(538,'02/01/2015',94,7),(291,'23/08/2015',10,10),(714,'14/06/2015',47,8),(267,'09/01/2015',39,2),(849,'04/04/2015',17,1),(181,'06/08/2015',23,10),(585,'27/02/2015',14,9),(62,'18/02/2015',57,2),(80,'29/03/2015',48,9),(136,'11/02/2015',28,10),(719,'15/01/2015',27,5),(606,'07/03/2015',16,9),(644,'29/08/2015',80,1),(958,'16/09/2015',27,8),(866,'05/04/2015',91,10),(403,'20/03/2015',75,8),(577,'15/07/2015',39,3),(324,'13/03/2015',68,10),(165,'01/07/2015',54,5),(187,'26/05/2015',54,5),(402,'21/02/2015',13,1),(688,'06/05/2015',57,7),(739,'06/05/2015',30,7),(830,'23/01/2015',42,2),(742,'23/01/2015',59,6),(469,'22/03/2015',60,1),(148,'29/05/2015',15,10),(393,'07/06/2015',30,8),(103,'29/01/2015',65,1),(797,'07/08/2015',51,10),(215,'07/07/2015',56,4),(282,'05/03/2015',42,8),(617,'16/08/2015',81,10),(855,'25/03/2015',19,3),(780,'09/07/2015',58,6),(812,'16/07/2015',19,7),(98,'17/03/2015',67,3),(223,'20/09/2015',80,5),(679,'22/06/2015',87,2),(770,'05/08/2015',59,7),(862,'06/01/2015',34,10),(538,'01/07/2015',80,4),(131,'16/05/2015',85,4),(566,'10/08/2015',37,3),(780,'17/09/2015',43,4),(236,'05/07/2015',34,8),(132,'28/03/2015',100,2),(957,'26/08/2015',17,10),(878,'18/03/2015',32,10),(879,'01/06/2015',38,9);
INSERT INTO locations3 (NoDVD,DateLocation,NoClient,DureeLocation) VALUES (368,'14/01/2015',18,10),(11,'17/02/2015',54,7),(483,'13/05/2015',25,1),(707,'14/01/2015',30,3),(11,'18/07/2015',36,8),(59,'21/04/2015',90,6),(959,'10/05/2015',18,2),(586,'20/07/2015',79,6),(383,'16/02/2015',90,4),(489,'23/02/2015',58,7),(167,'28/04/2015',81,6),(886,'10/04/2015',89,10),(208,'09/09/2015',17,9),(260,'17/06/2015',57,5),(859,'22/05/2015',40,5),(794,'24/08/2015',58,8),(451,'10/05/2015',3,6),(221,'15/09/2015',80,6),(138,'04/03/2015',46,2),(428,'29/03/2015',95,7),(592,'18/01/2015',55,5),(441,'08/09/2015',46,10),(77,'07/04/2015',5,7),(332,'25/07/2015',52,6),(654,'28/04/2015',98,6),(89,'25/03/2015',98,2),(814,'21/03/2015',77,7),(426,'01/01/2015',95,7),(765,'03/06/2015',66,5),(642,'17/06/2015',43,5),(668,'19/06/2015',78,7),(618,'10/01/2015',86,5),(841,'22/07/2015',89,4),(138,'14/03/2015',52,7),(616,'29/07/2015',47,9),(529,'15/02/2015',39,8),(90,'07/05/2015',27,1),(742,'18/01/2015',89,7),(120,'27/05/2015',94,8),(971,'09/01/2015',50,2),(714,'13/08/2015',94,7),(727,'06/03/2015',79,4),(465,'14/06/2015',11,10),(23,'04/01/2015',82,8),(38,'03/08/2015',10,4),(809,'19/08/2015',55,4),(406,'14/02/2015',43,7),(76,'08/03/2015',17,5),(324,'19/06/2015',1,8),(162,'13/08/2015',99,8),(105,'18/02/2015',31,2),(332,'10/03/2015',76,8),(367,'09/01/2015',31,7),(754,'30/04/2015',76,5),(222,'03/07/2015',28,7),(286,'15/02/2015',31,8),(472,'04/08/2015',72,10),(250,'03/05/2015',24,3),(768,'17/01/2015',29,2),(560,'20/02/2015',53,8),(408,'17/04/2015',24,7),(704,'11/09/2015',62,1),(21,'01/02/2015',26,2),(129,'05/03/2015',16,4),(561,'29/05/2015',57,6),(218,'18/07/2015',66,7),(624,'17/04/2015',3,2),(587,'12/01/2015',13,3),(567,'12/03/2015',75,3),(855,'18/06/2015',64,2),(205,'11/02/2015',60,4),(590,'02/09/2015',22,6),(117,'02/04/2015',7,6),(963,'16/05/2015',64,10),(148,'01/02/2015',15,6),(518,'01/07/2015',76,10),(211,'19/03/2015',4,10),(178,'24/08/2015',5,3),(781,'19/02/2015',58,6),(175,'16/02/2015',81,8),(517,'07/02/2015',58,6),(637,'07/01/2015',84,6),(601,'12/04/2015',82,6),(772,'17/09/2015',29,4),(510,'17/03/2015',6,3),(858,'07/03/2015',36,3),(398,'26/08/2015',43,9),(543,'25/07/2015',94,4),(459,'06/09/2015',12,1),(855,'03/06/2015',68,5),(623,'21/03/2015',68,10),(171,'23/06/2015',92,3),(689,'03/01/2015',86,1),(608,'01/06/2015',54,9),(233,'14/03/2015',30,6),(468,'07/07/2015',79,4),(939,'25/08/2015',14,6),(366,'23/02/2015',82,7),(302,'27/03/2015',62,6),(419,'12/09/2015',8,8);
INSERT INTO locations3 (NoDVD,DateLocation,NoClient,DureeLocation) VALUES (916,'20/02/2015',61,3),(659,'14/08/2015',2,9),(125,'29/07/2015',60,8),(466,'21/08/2015',24,9),(762,'15/07/2015',77,1),(852,'28/05/2015',83,8),(276,'12/06/2015',28,4),(211,'24/02/2015',14,4),(48,'21/08/2015',21,8),(807,'17/05/2015',93,2),(279,'26/04/2015',15,9),(458,'20/04/2015',20,9),(600,'18/05/2015',7,10),(408,'23/08/2015',5,7),(388,'31/05/2015',35,1),(211,'08/04/2015',49,2),(584,'01/02/2015',9,3),(190,'08/06/2015',92,2),(173,'26/03/2015',49,4),(900,'14/04/2015',46,7),(549,'29/08/2015',60,1),(628,'26/08/2015',9,3),(140,'21/07/2015',89,10),(802,'17/09/2015',58,2),(955,'08/02/2015',10,7),(430,'20/03/2015',22,1),(572,'03/07/2015',35,4),(962,'26/02/2015',90,8),(458,'14/09/2015',16,10),(530,'05/04/2015',97,8),(749,'28/08/2015',29,1),(398,'02/06/2015',83,7),(176,'18/08/2015',96,5),(220,'18/01/2015',22,8),(959,'07/03/2015',90,8),(738,'11/09/2015',17,7),(636,'24/07/2015',39,2),(865,'05/01/2015',19,10),(880,'19/08/2015',88,7),(492,'28/02/2015',21,4),(452,'04/07/2015',35,1),(920,'15/01/2015',82,1),(947,'26/02/2015',41,4),(374,'14/02/2015',28,2),(424,'02/02/2015',75,8),(267,'01/02/2015',73,1),(92,'24/07/2015',46,9),(502,'13/08/2015',10,3),(631,'21/01/2015',31,4),(731,'13/05/2015',8,10),(77,'18/01/2015',68,8),(165,'18/03/2015',72,2),(410,'19/05/2015',38,2),(509,'31/07/2015',29,9),(644,'06/08/2015',83,3),(883,'12/01/2015',10,9),(202,'17/03/2015',55,4),(9,'29/07/2015',2,10),(443,'17/08/2015',11,10),(953,'11/06/2015',48,1),(499,'02/06/2015',70,3),(111,'26/02/2015',17,1),(477,'01/04/2015',49,5),(523,'31/07/2015',61,1),(607,'11/06/2015',100,7),(463,'19/05/2015',67,2),(409,'16/07/2015',57,3),(776,'15/03/2015',57,3),(494,'14/09/2015',31,9),(367,'19/09/2015',20,3),(220,'09/03/2015',87,7),(867,'12/01/2015',28,8),(347,'07/05/2015',41,10),(208,'28/01/2015',14,5),(542,'20/08/2015',57,6),(856,'08/03/2015',8,3),(367,'24/04/2015',40,1),(787,'11/05/2015',64,5),(192,'06/08/2015',83,3),(546,'12/08/2015',37,5),(943,'07/05/2015',82,6),(19,'20/05/2015',59,1),(725,'13/04/2015',81,2),(349,'20/08/2015',61,7),(210,'03/06/2015',87,6),(995,'04/02/2015',24,6),(659,'09/05/2015',5,4),(345,'01/01/2015',70,3),(688,'01/02/2015',84,9),(207,'16/03/2015',36,4),(268,'13/08/2015',1,1),(891,'07/04/2015',75,1),(790,'22/06/2015',69,5),(664,'15/02/2015',77,10),(870,'28/07/2015',20,2),(843,'04/04/2015',70,3),(779,'16/01/2015',37,1),(151,'02/07/2015',77,3),(658,'03/01/2015',88,10),(600,'14/09/2015',3,3);
INSERT INTO locations3 (NoDVD,DateLocation,NoClient,DureeLocation) VALUES (158,'09/02/2015',93,6),(650,'03/03/2015',63,1),(560,'05/01/2015',12,10),(981,'25/02/2015',41,4),(866,'19/05/2015',45,6),(39,'23/07/2015',41,9),(130,'10/02/2015',66,3),(262,'03/04/2015',15,10),(803,'27/02/2015',41,9),(101,'04/04/2015',72,1),(248,'30/08/2015',11,4),(191,'20/09/2015',33,1),(53,'10/07/2015',13,2),(363,'27/02/2015',56,10),(228,'07/07/2015',63,3),(710,'25/01/2015',36,9),(904,'11/06/2015',47,2),(217,'20/02/2015',25,1),(78,'21/09/2015',54,4),(782,'04/08/2015',12,5),(52,'19/07/2015',84,3),(401,'12/09/2015',67,5),(387,'04/09/2015',59,1),(996,'29/06/2015',80,5),(418,'06/05/2015',79,2),(279,'02/04/2015',27,2),(138,'30/08/2015',14,9),(905,'10/01/2015',51,3),(345,'01/07/2015',41,2),(468,'09/02/2015',3,3),(658,'29/04/2015',75,7),(563,'20/01/2015',69,5),(583,'10/02/2015',61,8),(551,'25/03/2015',27,3),(348,'19/06/2015',30,7),(784,'06/03/2015',99,7),(622,'12/09/2015',58,6),(804,'16/03/2015',52,3),(265,'19/02/2015',23,3),(634,'01/04/2015',24,7),(757,'20/02/2015',61,4),(818,'05/04/2015',50,5),(43,'04/06/2015',47,9),(169,'26/04/2015',32,1),(396,'19/06/2015',13,5),(607,'29/05/2015',18,3),(80,'27/02/2015',82,4),(834,'01/07/2015',69,2),(746,'23/03/2015',32,8),(620,'08/03/2015',53,1),(826,'06/07/2015',96,2),(141,'24/04/2015',12,2),(365,'26/01/2015',67,7),(190,'18/04/2015',89,1),(554,'18/08/2015',27,8),(287,'23/06/2015',2,5),(495,'11/03/2015',8,8),(225,'26/04/2015',70,5),(282,'03/02/2015',46,3),(206,'08/06/2015',73,4),(722,'04/02/2015',99,6),(494,'03/03/2015',54,3),(95,'20/09/2015',70,5),(927,'27/01/2015',34,7),(87,'01/01/2015',14,10),(257,'19/05/2015',66,3),(261,'15/02/2015',60,2),(196,'14/07/2015',60,3),(701,'10/05/2015',66,7),(98,'12/08/2015',7,5),(482,'15/07/2015',17,5),(63,'11/08/2015',27,10),(60,'31/07/2015',2,8),(31,'28/02/2015',3,1),(178,'13/04/2015',50,5),(844,'29/04/2015',97,3),(207,'01/03/2015',43,7),(348,'21/06/2015',18,9),(719,'20/08/2015',15,9),(830,'17/09/2015',90,3),(214,'10/08/2015',17,5),(920,'11/03/2015',39,4),(854,'31/07/2015',90,7),(988,'22/01/2015',52,9),(359,'11/07/2015',38,5),(257,'10/03/2015',62,5),(872,'30/05/2015',76,1),(508,'17/02/2015',46,6),(544,'04/05/2015',23,1),(913,'23/06/2015',76,9),(103,'06/04/2015',30,7),(331,'06/09/2015',48,3),(947,'08/02/2015',1,10),(125,'25/01/2015',47,9),(82,'18/07/2015',57,8),(635,'06/09/2015',21,5),(107,'13/03/2015',1,7),(608,'17/05/2015',14,3),(179,'04/03/2015',47,5),(669,'26/02/2015',8,7);
INSERT INTO locations3 (NoDVD,DateLocation,NoClient,DureeLocation) VALUES (24,'21/09/2015',19,9),(332,'09/04/2015',38,2),(910,'28/08/2015',5,1),(233,'06/09/2015',5,1),(291,'23/03/2015',82,9),(895,'22/02/2015',31,2),(250,'16/01/2015',73,3),(430,'28/06/2015',26,9),(230,'10/07/2015',70,4),(273,'07/03/2015',96,9),(844,'16/06/2015',25,3),(745,'28/01/2015',21,7),(788,'24/01/2015',67,7),(744,'14/08/2015',38,4),(569,'10/02/2015',61,7),(2,'19/03/2015',40,8),(11,'07/08/2015',89,6),(955,'18/07/2015',46,10),(663,'28/08/2015',9,6),(953,'21/01/2015',77,5),(526,'12/04/2015',26,2),(974,'15/06/2015',100,2),(666,'10/03/2015',34,1),(739,'30/05/2015',82,6),(126,'17/07/2015',59,4),(971,'06/08/2015',24,7),(909,'02/06/2015',57,8),(275,'29/07/2015',93,9),(412,'20/03/2015',29,7),(558,'04/03/2015',81,6),(935,'31/01/2015',84,4),(729,'17/04/2015',79,4),(43,'27/01/2015',66,10),(227,'09/01/2015',38,4),(748,'24/03/2015',100,9),(659,'07/05/2015',47,2),(745,'15/05/2015',48,1),(304,'28/01/2015',10,9),(63,'22/06/2015',99,1),(686,'12/09/2015',81,1),(165,'03/02/2015',87,2),(387,'31/01/2015',94,5),(107,'31/01/2015',85,10),(516,'30/06/2015',1,7),(795,'01/08/2015',26,7),(442,'21/03/2015',80,2),(338,'12/08/2015',70,1),(601,'24/02/2015',32,7),(737,'05/06/2015',66,4),(282,'11/05/2015',99,10),(112,'24/06/2015',49,1),(524,'28/03/2015',34,6),(910,'16/01/2015',52,8),(312,'10/05/2015',64,4),(590,'18/01/2015',10,1),(81,'19/02/2015',87,3),(394,'07/07/2015',71,7),(401,'18/01/2015',62,2),(713,'06/07/2015',23,3),(761,'19/09/2015',78,10),(59,'28/04/2015',2,5),(570,'11/05/2015',11,3),(27,'07/03/2015',23,4),(592,'28/06/2015',19,4),(767,'14/03/2015',60,3),(799,'25/03/2015',37,5),(971,'23/02/2015',80,7),(438,'06/06/2015',94,4),(471,'25/04/2015',82,4),(513,'24/04/2015',71,4),(1000,'28/04/2015',70,10),(662,'14/05/2015',97,1),(822,'10/06/2015',60,6),(627,'19/03/2015',87,9),(791,'14/03/2015',16,6),(21,'19/08/2015',5,6),(176,'26/03/2015',75,4),(668,'07/04/2015',24,9),(239,'17/08/2015',21,6),(87,'15/06/2015',99,1),(595,'05/07/2015',64,4),(145,'02/01/2015',54,7),(231,'14/07/2015',11,1),(164,'15/09/2015',54,6),(529,'11/06/2015',20,10),(486,'14/05/2015',16,9),(837,'28/04/2015',68,10),(239,'31/03/2015',49,3),(391,'06/01/2015',33,10),(691,'07/02/2015',71,9),(28,'24/07/2015',89,8),(573,'23/03/2015',33,3),(962,'12/01/2015',82,5),(149,'15/02/2015',76,10),(46,'26/06/2015',65,1),(271,'11/06/2015',74,10),(187,'01/07/2015',79,1),(639,'14/06/2015',100,8),(884,'20/07/2015',62,5),(209,'08/08/2015',42,9);
INSERT INTO locations3 (NoDVD,DateLocation,NoClient,DureeLocation) VALUES (896,'05/04/2015',27,8),(410,'09/01/2015',99,7),(537,'11/03/2015',100,5),(225,'20/01/2015',52,7),(970,'29/07/2015',44,2),(272,'02/09/2015',21,3),(732,'22/06/2015',44,6),(748,'05/07/2015',26,8),(69,'21/03/2015',6,2),(412,'03/07/2015',15,7),(726,'01/07/2015',95,8),(154,'09/03/2015',51,2),(773,'10/03/2015',12,8),(879,'22/05/2015',69,10),(845,'18/01/2015',89,10),(597,'26/07/2015',45,8),(201,'12/08/2015',98,8),(78,'24/03/2015',17,7),(212,'15/02/2015',72,2),(846,'10/04/2015',44,5),(521,'15/01/2015',35,3),(36,'23/04/2015',94,1),(772,'13/05/2015',75,10),(980,'10/01/2015',1,4),(613,'07/07/2015',44,7),(451,'16/08/2015',84,5),(581,'21/09/2015',68,6),(543,'03/01/2015',40,8),(750,'18/02/2015',48,8),(640,'25/04/2015',99,4),(236,'21/01/2015',45,8),(902,'29/01/2015',85,8),(635,'17/02/2015',59,4),(573,'02/01/2015',38,2),(154,'25/04/2015',67,10),(300,'31/05/2015',22,4),(644,'31/01/2015',19,2),(258,'17/03/2015',83,8),(309,'02/01/2015',6,8),(74,'19/05/2015',5,4),(435,'08/05/2015',51,5),(484,'19/08/2015',28,10),(720,'01/09/2015',40,3),(796,'10/03/2015',91,1),(815,'17/01/2015',55,10),(544,'13/04/2015',29,4),(542,'02/01/2015',27,2),(183,'07/09/2015',82,6),(690,'13/01/2015',15,4),(805,'17/05/2015',6,2),(358,'27/07/2015',15,9),(652,'02/06/2015',95,8),(39,'02/03/2015',76,3),(294,'17/07/2015',80,4),(686,'30/06/2015',35,5),(633,'02/04/2015',39,8),(589,'08/05/2015',39,6),(54,'08/09/2015',89,6),(150,'02/06/2015',93,8),(104,'16/08/2015',66,9),(595,'08/01/2015',23,2),(177,'18/09/2015',28,3),(486,'12/05/2015',39,1),(174,'13/06/2015',18,1),(956,'17/06/2015',100,8),(300,'10/02/2015',14,3),(899,'26/03/2015',30,7),(629,'28/01/2015',51,1),(769,'29/07/2015',40,1),(979,'01/08/2015',60,2),(609,'06/02/2015',13,1),(141,'29/04/2015',20,10),(178,'06/04/2015',67,5),(854,'30/04/2015',45,1),(610,'01/01/2015',29,9),(769,'12/09/2015',72,6),(76,'02/02/2015',30,3),(912,'02/01/2015',53,10),(885,'03/06/2015',32,3),(452,'16/08/2015',22,5),(246,'20/03/2015',58,1),(970,'14/04/2015',29,1),(689,'05/01/2015',90,1),(178,'15/03/2015',96,9),(3,'21/03/2015',58,7),(1000,'01/08/2015',30,2),(982,'12/05/2015',37,4),(529,'06/01/2015',63,7),(578,'05/07/2015',5,2),(930,'02/08/2015',33,9),(591,'09/02/2015',5,3),(348,'09/08/2015',79,7),(271,'09/03/2015',30,4),(520,'17/06/2015',10,1),(308,'18/05/2015',99,8),(227,'23/05/2015',57,1),(836,'16/01/2015',48,4),(237,'24/05/2015',44,1),(272,'14/05/2015',75,9),(784,'05/02/2015',97,7);
INSERT INTO locations3 (NoDVD,DateLocation,NoClient,DureeLocation) VALUES (68,'29/07/2015',99,2),(662,'21/06/2015',64,4),(971,'29/07/2015',76,9),(190,'25/05/2015',17,5),(878,'12/08/2015',37,9),(705,'11/05/2015',67,10),(466,'30/04/2015',75,2),(507,'09/04/2015',53,10),(846,'18/03/2015',2,5),(375,'12/02/2015',90,6),(544,'01/02/2015',42,1),(984,'26/05/2015',26,9),(526,'04/01/2015',93,5),(355,'08/08/2015',57,9),(187,'25/05/2015',40,9),(510,'19/05/2015',59,8),(973,'27/02/2015',41,8),(908,'31/01/2015',3,4),(295,'31/05/2015',58,8),(405,'24/07/2015',41,8),(817,'18/08/2015',52,10),(585,'12/04/2015',53,1),(154,'02/01/2015',61,5),(331,'12/08/2015',77,9),(839,'26/02/2015',43,8),(610,'28/06/2015',5,5),(462,'25/07/2015',35,4),(678,'02/04/2015',60,5),(792,'04/05/2015',68,10),(71,'16/08/2015',76,5),(215,'02/02/2015',98,6),(419,'19/09/2015',51,1),(100,'08/05/2015',11,2),(889,'18/01/2015',79,3),(797,'20/07/2015',42,7),(684,'19/04/2015',39,10),(121,'31/08/2015',20,5),(488,'12/05/2015',27,3),(843,'02/02/2015',90,5),(584,'25/03/2015',80,1),(286,'04/07/2015',93,10),(566,'03/09/2015',74,4),(428,'19/06/2015',21,3),(282,'15/07/2015',98,5),(972,'21/06/2015',1,9),(63,'08/05/2015',65,6),(470,'26/06/2015',5,3),(711,'11/09/2015',53,2),(890,'04/05/2015',29,9),(229,'09/09/2015',18,6),(269,'17/06/2015',27,5),(869,'11/03/2015',55,6),(270,'23/02/2015',78,4),(938,'16/08/2015',22,1),(562,'14/07/2015',71,6),(172,'25/07/2015',31,4),(190,'01/05/2015',10,1),(480,'03/09/2015',46,4),(865,'21/07/2015',74,4),(460,'23/02/2015',32,6),(965,'07/01/2015',78,3),(31,'12/08/2015',77,1),(621,'27/04/2015',26,1),(74,'10/04/2015',56,3),(546,'26/08/2015',54,7),(892,'18/02/2015',57,7),(183,'16/03/2015',33,6),(409,'28/03/2015',29,1),(439,'14/07/2015',10,6),(115,'25/08/2015',73,10),(693,'30/04/2015',17,6),(623,'31/07/2015',20,6),(204,'04/09/2015',60,4),(436,'24/05/2015',5,4),(299,'25/06/2015',31,5),(194,'01/06/2015',91,3),(27,'18/06/2015',2,9),(375,'23/04/2015',30,3),(209,'22/03/2015',59,4),(249,'15/03/2015',36,2),(617,'05/05/2015',45,2),(201,'27/03/2015',96,6),(804,'22/01/2015',44,2),(940,'13/06/2015',31,3),(588,'26/07/2015',55,5),(120,'06/06/2015',81,2),(898,'13/02/2015',36,10),(119,'25/02/2015',12,8),(228,'11/02/2015',5,1),(515,'12/03/2015',29,7),(169,'26/02/2015',53,4),(512,'14/08/2015',11,1),(57,'28/04/2015',77,6),(260,'01/08/2015',81,3),(319,'19/09/2015',50,2),(602,'31/07/2015',25,10),(234,'05/02/2015',86,4),(302,'13/04/2015',95,5),(248,'16/04/2015',66,8),(33,'19/07/2015',56,4);
INSERT INTO locations3 (NoDVD,DateLocation,NoClient,DureeLocation) VALUES (639,'18/03/2015',8,8),(632,'09/09/2015',29,10),(395,'07/03/2015',41,6),(688,'03/03/2015',9,4),(837,'17/05/2015',88,8),(432,'29/05/2015',86,10),(454,'25/02/2015',92,9),(727,'21/01/2015',62,2),(236,'06/05/2015',92,3),(211,'30/04/2015',94,3),(623,'03/05/2015',76,5),(561,'05/04/2015',9,5),(84,'16/04/2015',46,3),(812,'02/07/2015',70,3),(583,'14/09/2015',67,4),(645,'27/03/2015',86,2),(401,'20/02/2015',44,4),(866,'26/01/2015',6,4),(302,'07/03/2015',70,6),(142,'30/03/2015',27,9),(346,'26/07/2015',19,8),(815,'06/06/2015',21,1),(165,'28/03/2015',78,1),(511,'11/09/2015',72,2),(378,'18/03/2015',31,2),(251,'20/08/2015',77,10),(78,'08/02/2015',47,4),(319,'16/06/2015',24,6),(529,'18/04/2015',99,1),(644,'20/09/2015',86,5),(190,'02/08/2015',34,7),(115,'12/03/2015',2,7),(132,'04/09/2015',53,4),(999,'04/08/2015',85,9),(901,'14/05/2015',17,5),(663,'21/09/2015',91,1),(451,'16/01/2015',17,4),(217,'20/09/2015',87,7),(632,'06/05/2015',93,2),(373,'14/07/2015',46,1),(863,'26/08/2015',67,1),(896,'01/03/2015',20,10),(973,'01/08/2015',24,2),(248,'14/01/2015',18,6),(335,'25/01/2015',40,10),(60,'24/01/2015',75,10),(477,'10/06/2015',39,8),(490,'14/09/2015',15,1),(16,'31/01/2015',27,2),(104,'23/06/2015',14,6),(32,'31/08/2015',92,10),(153,'15/03/2015',53,5),(369,'03/07/2015',47,10),(287,'31/05/2015',73,3),(206,'29/08/2015',47,6),(562,'20/03/2015',67,1),(191,'03/07/2015',10,7),(222,'10/04/2015',73,9),(459,'19/06/2015',77,4),(385,'27/07/2015',93,2),(77,'27/06/2015',80,10),(122,'10/09/2015',44,6),(239,'18/05/2015',39,2),(63,'26/04/2015',11,7),(225,'06/06/2015',73,5),(462,'05/05/2015',62,10),(22,'10/01/2015',77,10),(454,'20/02/2015',93,3),(520,'15/04/2015',83,2),(319,'08/06/2015',87,6),(716,'20/09/2015',64,3),(939,'08/09/2015',72,9),(585,'19/01/2015',84,3),(970,'25/01/2015',61,7),(537,'29/03/2015',94,7),(674,'03/06/2015',93,10),(972,'15/01/2015',88,10),(535,'29/06/2015',27,2),(464,'22/06/2015',84,10),(996,'08/04/2015',80,1),(802,'09/04/2015',41,2),(508,'01/02/2015',24,7),(852,'29/04/2015',4,7),(160,'14/06/2015',86,6),(396,'09/01/2015',92,8),(595,'02/07/2015',81,8),(94,'15/07/2015',45,1),(559,'08/05/2015',13,2),(646,'26/08/2015',97,8),(741,'12/03/2015',11,4),(470,'30/05/2015',1,3),(555,'10/01/2015',39,3),(691,'22/06/2015',53,10),(879,'08/01/2015',31,1),(375,'13/02/2015',56,8),(787,'21/01/2015',29,6),(537,'02/05/2015',21,9),(842,'25/04/2015',47,9),(430,'03/04/2015',61,9),(151,'02/06/2015',15,9);
INSERT INTO locations3 (NoDVD,DateLocation,NoClient,DureeLocation) VALUES (147,'28/08/2015',35,1),(896,'21/08/2015',57,4),(806,'09/04/2015',64,5),(104,'13/03/2015',59,8),(342,'10/09/2015',63,7),(227,'14/08/2015',14,4),(922,'12/05/2015',34,5),(613,'06/01/2015',68,10),(34,'18/05/2015',19,3),(306,'21/06/2015',98,3),(543,'04/01/2015',33,8),(504,'29/07/2015',35,5),(436,'18/03/2015',25,1),(206,'02/08/2015',83,3),(571,'23/05/2015',94,7),(460,'30/05/2015',91,4),(713,'02/02/2015',17,10),(494,'16/06/2015',3,2),(421,'02/05/2015',9,10),(638,'25/06/2015',58,2),(107,'19/08/2015',99,7),(262,'15/03/2015',50,2),(533,'07/07/2015',7,9),(650,'19/09/2015',79,3),(315,'20/08/2015',98,5),(337,'12/06/2015',38,5),(621,'19/02/2015',85,9),(701,'16/02/2015',3,9),(382,'01/07/2015',77,8),(759,'12/09/2015',66,5),(718,'11/05/2015',92,3),(869,'07/09/2015',53,6),(259,'23/03/2015',84,2),(816,'04/01/2015',76,2),(839,'14/04/2015',50,3),(916,'28/03/2015',6,4),(37,'23/02/2015',47,7),(427,'23/02/2015',40,6),(193,'07/02/2015',27,8),(452,'20/09/2015',38,6),(35,'02/05/2015',99,3),(638,'13/09/2015',63,9),(822,'20/02/2015',98,4),(161,'15/02/2015',47,5),(651,'18/08/2015',20,1),(492,'01/04/2015',95,1),(834,'06/03/2015',11,8),(539,'31/01/2015',59,6),(831,'15/01/2015',67,7),(308,'28/04/2015',29,7),(480,'28/06/2015',53,4),(877,'17/08/2015',63,2),(903,'18/02/2015',50,4),(445,'08/04/2015',30,5),(210,'16/08/2015',100,6),(842,'09/09/2015',55,9),(606,'17/09/2015',17,9),(537,'19/08/2015',9,5),(732,'25/02/2015',35,3),(557,'12/05/2015',52,3),(728,'22/04/2015',66,7),(248,'22/05/2015',89,8),(911,'09/07/2015',11,9),(121,'05/06/2015',64,3),(430,'01/07/2015',65,2),(966,'27/02/2015',82,1),(696,'08/02/2015',98,1),(875,'12/02/2015',3,10),(483,'30/05/2015',69,8),(113,'12/05/2015',25,8),(125,'29/03/2015',76,1),(178,'23/06/2015',13,10),(895,'04/06/2015',65,8),(630,'12/04/2015',37,8),(81,'20/07/2015',21,6),(664,'28/02/2015',91,9),(603,'06/05/2015',57,9),(171,'08/07/2015',20,5),(774,'03/01/2015',92,5),(417,'18/03/2015',33,5),(481,'26/05/2015',52,7),(68,'31/03/2015',24,2),(126,'29/01/2015',14,5),(74,'08/08/2015',43,5),(995,'30/05/2015',4,2),(401,'10/02/2015',88,9),(273,'12/07/2015',22,4),(612,'22/01/2015',35,7),(200,'18/05/2015',55,1),(396,'11/04/2015',28,3),(605,'31/08/2015',85,10),(334,'19/09/2015',21,2),(749,'08/02/2015',57,2),(117,'25/07/2015',60,5),(805,'09/01/2015',56,8),(963,'11/06/2015',55,8),(939,'20/09/2015',67,2),(946,'11/08/2015',11,7),(216,'16/03/2015',99,6),(807,'05/03/2015',11,2);
INSERT INTO locations3 (NoDVD,DateLocation,NoClient,DureeLocation) VALUES (428,'09/09/2015',31,10),(209,'16/02/2015',47,8),(915,'16/01/2015',15,6),(920,'01/05/2015',30,8),(999,'11/04/2015',30,3),(907,'20/02/2015',12,2),(269,'29/07/2015',26,1),(384,'22/08/2015',50,1),(707,'05/09/2015',26,5),(697,'18/02/2015',54,10),(332,'26/04/2015',72,8),(133,'23/07/2015',35,5),(488,'26/04/2015',90,1),(36,'04/03/2015',63,7),(819,'19/01/2015',78,10),(437,'26/08/2015',61,10),(978,'05/06/2015',16,7),(856,'25/06/2015',42,1),(480,'22/05/2015',9,9),(767,'06/09/2015',47,3),(75,'02/07/2015',43,10),(877,'04/09/2015',93,7),(410,'31/01/2015',86,1),(348,'14/07/2015',35,6),(390,'08/07/2015',47,4),(336,'08/02/2015',83,8),(319,'02/02/2015',14,10),(687,'28/01/2015',30,5),(340,'06/01/2015',42,3),(63,'31/07/2015',15,10),(933,'10/07/2015',9,7),(495,'12/05/2015',58,6),(85,'26/03/2015',41,1),(934,'14/08/2015',95,6),(911,'04/05/2015',57,9),(263,'27/04/2015',85,6),(639,'22/08/2015',53,6),(30,'29/07/2015',26,1),(956,'13/03/2015',76,6),(849,'08/05/2015',1,3),(494,'12/01/2015',13,10),(766,'25/02/2015',32,5),(522,'06/01/2015',7,9),(206,'16/02/2015',53,6),(97,'21/09/2015',66,3),(617,'02/04/2015',14,10),(461,'15/08/2015',35,7),(47,'22/02/2015',12,9),(999,'27/04/2015',1,6),(238,'15/01/2015',92,3),(136,'06/04/2015',44,3),(324,'29/06/2015',66,1),(451,'03/09/2015',27,5),(997,'05/06/2015',33,7),(866,'23/05/2015',98,8),(493,'26/02/2015',95,5),(837,'20/01/2015',15,6),(640,'25/08/2015',62,6),(184,'20/02/2015',29,10),(707,'30/04/2015',99,3),(83,'20/03/2015',3,4),(531,'28/04/2015',8,10),(869,'07/05/2015',55,5),(280,'13/06/2015',64,1),(848,'02/09/2015',75,8),(970,'13/08/2015',84,7),(145,'25/01/2015',4,1),(492,'07/09/2015',75,3),(835,'05/04/2015',72,7),(422,'23/01/2015',42,3),(598,'28/01/2015',46,6),(649,'06/05/2015',35,3),(724,'16/07/2015',35,6),(225,'25/03/2015',67,9),(830,'09/09/2015',67,4),(922,'19/09/2015',26,2),(821,'09/03/2015',14,5),(865,'03/02/2015',42,2),(430,'24/07/2015',89,8),(580,'01/07/2015',40,4),(436,'19/01/2015',10,6),(653,'29/07/2015',44,6),(454,'31/08/2015',80,3),(516,'05/01/2015',31,10),(721,'02/05/2015',42,5),(320,'16/09/2015',89,7),(210,'28/06/2015',18,1),(701,'18/04/2015',8,3),(177,'22/03/2015',43,5),(224,'01/01/2015',9,4),(600,'14/01/2015',98,5),(540,'10/06/2015',29,1),(961,'25/07/2015',11,4),(780,'22/02/2015',58,2),(132,'10/02/2015',69,1),(785,'20/06/2015',5,3),(10,'31/08/2015',83,1),(516,'07/04/2015',18,9),(709,'26/06/2015',67,2),(458,'20/07/2015',2,6);
INSERT INTO locations3 (NoDVD,DateLocation,NoClient,DureeLocation) VALUES (179,'05/05/2015',26,3),(44,'13/02/2015',85,9),(123,'15/09/2015',97,6),(483,'21/02/2015',54,4),(446,'28/06/2015',51,8),(765,'10/07/2015',24,8),(849,'10/03/2015',33,7),(954,'25/07/2015',63,4),(363,'09/01/2015',73,1),(628,'13/03/2015',42,1),(92,'03/08/2015',6,2),(694,'23/06/2015',6,2),(54,'03/03/2015',69,1),(883,'02/01/2015',9,10),(890,'11/09/2015',42,8),(174,'09/04/2015',43,4),(746,'20/02/2015',58,4),(392,'11/03/2015',89,10),(762,'23/03/2015',6,4),(517,'26/05/2015',71,2),(932,'06/06/2015',69,2),(285,'08/03/2015',56,1),(51,'13/04/2015',40,5),(356,'04/04/2015',98,5),(915,'08/02/2015',72,2),(857,'30/08/2015',82,10),(589,'08/02/2015',65,6),(700,'21/09/2015',25,5),(592,'14/07/2015',59,10),(383,'05/06/2015',14,8),(564,'18/09/2015',60,5),(705,'08/07/2015',81,1),(340,'10/06/2015',75,1),(118,'24/01/2015',59,4),(114,'04/08/2015',91,5),(58,'02/08/2015',93,3),(920,'08/07/2015',43,10),(958,'14/09/2015',74,2),(408,'15/08/2015',23,2),(727,'16/07/2015',29,7),(201,'06/07/2015',36,8),(139,'16/05/2015',86,2),(478,'02/03/2015',74,7),(128,'01/09/2015',8,1),(699,'02/04/2015',85,4),(367,'05/07/2015',86,8),(478,'07/06/2015',1,6),(179,'20/05/2015',18,3),(959,'21/03/2015',5,7),(713,'31/03/2015',68,8),(178,'16/09/2015',96,5),(664,'16/01/2015',85,9),(694,'26/07/2015',30,9),(999,'02/03/2015',11,10),(837,'02/01/2015',19,9),(416,'20/01/2015',22,7),(875,'06/06/2015',2,5),(972,'17/04/2015',88,3),(473,'25/07/2015',77,8),(943,'23/02/2015',59,9),(428,'19/03/2015',81,1),(434,'27/02/2015',56,5),(189,'01/01/2015',55,6),(955,'18/01/2015',18,6),(342,'08/04/2015',100,10),(167,'09/05/2015',57,8),(294,'18/04/2015',81,10),(822,'01/07/2015',25,7),(799,'14/06/2015',64,4),(83,'28/06/2015',79,5),(616,'26/07/2015',99,9),(398,'20/03/2015',89,3),(71,'22/07/2015',5,9),(260,'26/04/2015',82,10),(158,'26/06/2015',66,8),(631,'13/04/2015',95,1),(347,'16/09/2015',19,8),(295,'12/01/2015',98,8),(278,'08/07/2015',9,9),(643,'15/08/2015',34,4),(573,'24/03/2015',75,4),(536,'07/02/2015',51,9),(771,'27/07/2015',63,1),(588,'28/03/2015',33,4),(893,'05/09/2015',45,7),(271,'18/07/2015',13,8),(690,'17/04/2015',2,2),(493,'19/06/2015',40,2),(863,'22/07/2015',75,5),(175,'13/06/2015',58,7),(379,'19/06/2015',89,8),(135,'26/01/2015',34,6),(980,'18/08/2015',42,3),(145,'02/03/2015',37,2),(197,'29/06/2015',28,9),(647,'21/03/2015',62,10),(63,'13/01/2015',65,9),(35,'25/08/2015',79,3),(259,'17/09/2015',31,6),(994,'01/08/2015',100,9);
INSERT INTO locations3 (NoDVD,DateLocation,NoClient,DureeLocation) VALUES (365,'04/08/2015',79,5),(858,'07/09/2015',56,7),(878,'15/07/2015',95,9),(210,'23/02/2015',44,6),(760,'16/09/2015',15,2),(721,'29/08/2015',71,6),(134,'31/07/2015',95,9),(426,'22/03/2015',59,1),(837,'14/05/2015',89,6),(536,'13/01/2015',31,5),(751,'02/09/2015',50,2),(129,'17/07/2015',65,1),(128,'23/08/2015',14,9),(720,'03/06/2015',73,8),(78,'11/09/2015',14,1),(302,'31/07/2015',25,8),(20,'28/01/2015',94,1),(169,'29/08/2015',94,5),(70,'18/05/2015',70,2),(347,'04/05/2015',48,9),(186,'18/01/2015',21,1),(936,'05/03/2015',30,2),(380,'29/03/2015',49,10),(419,'30/01/2015',41,1),(198,'13/07/2015',88,10),(328,'10/03/2015',13,6),(402,'03/07/2015',30,7),(645,'17/01/2015',61,4),(423,'24/05/2015',48,2),(503,'29/08/2015',70,7),(777,'10/01/2015',11,5),(54,'18/09/2015',89,2),(212,'26/01/2015',88,4),(579,'17/08/2015',53,1),(295,'29/03/2015',46,8),(856,'29/03/2015',57,8),(88,'30/01/2015',97,1),(267,'03/06/2015',60,7),(247,'06/05/2015',82,2),(46,'05/05/2015',77,5),(290,'22/08/2015',7,10),(604,'07/07/2015',1,10),(875,'18/03/2015',83,1),(587,'11/06/2015',96,4),(151,'11/05/2015',43,4),(36,'17/04/2015',76,3),(324,'01/02/2015',73,3),(470,'13/01/2015',40,6),(605,'26/02/2015',10,10),(706,'21/03/2015',77,4),(224,'01/08/2015',100,10),(35,'22/04/2015',17,9),(679,'26/06/2015',25,4),(969,'20/01/2015',91,6),(443,'26/07/2015',12,9),(200,'06/08/2015',55,7),(544,'11/02/2015',6,10),(173,'11/05/2015',61,7),(119,'02/08/2015',5,3),(518,'28/06/2015',59,9),(844,'26/06/2015',16,9),(896,'17/07/2015',82,8),(414,'04/07/2015',31,7),(529,'24/02/2015',66,6),(364,'11/03/2015',15,4),(807,'25/07/2015',31,8),(598,'11/05/2015',85,6),(993,'30/01/2015',16,10),(51,'04/07/2015',19,2),(476,'22/07/2015',33,1),(490,'27/07/2015',59,2),(248,'16/07/2015',76,7),(241,'09/05/2015',97,3),(506,'17/02/2015',72,1),(464,'03/09/2015',83,10),(956,'05/09/2015',55,2),(633,'31/05/2015',25,5),(16,'15/06/2015',61,7),(31,'16/08/2015',5,3),(225,'27/06/2015',55,1),(796,'08/08/2015',64,3),(344,'28/01/2015',72,4),(54,'11/02/2015',91,8),(958,'19/04/2015',14,5),(680,'28/05/2015',6,1),(996,'25/08/2015',7,3),(698,'23/04/2015',40,10),(112,'12/03/2015',97,6),(967,'13/08/2015',86,2),(879,'29/07/2015',9,6),(701,'18/06/2015',7,8),(559,'17/09/2015',35,6),(203,'05/07/2015',52,5),(502,'15/03/2015',41,7),(941,'08/09/2015',77,4),(797,'25/04/2015',56,2),(199,'31/01/2015',92,6),(834,'06/07/2015',70,10),(946,'17/06/2015',51,8),(794,'02/09/2015',21,5);
INSERT INTO locations3 (NoDVD,DateLocation,NoClient,DureeLocation) VALUES (982,'30/06/2015',54,3),(54,'20/03/2015',34,5),(410,'05/03/2015',34,2),(24,'27/07/2015',49,8),(562,'27/01/2015',67,9),(994,'19/02/2015',73,7),(327,'20/08/2015',84,4),(521,'18/06/2015',83,4),(756,'12/01/2015',4,6),(33,'08/07/2015',51,1),(402,'23/01/2015',95,4),(855,'30/08/2015',97,8),(197,'14/07/2015',88,8),(405,'28/03/2015',88,10),(627,'03/01/2015',18,6),(385,'20/01/2015',45,5),(127,'25/06/2015',94,9),(624,'12/01/2015',96,1),(169,'11/05/2015',7,3),(392,'16/06/2015',37,2),(659,'29/08/2015',57,10),(764,'29/08/2015',45,5),(625,'27/02/2015',8,8),(516,'23/07/2015',55,9),(551,'29/05/2015',45,10),(693,'05/08/2015',65,8),(517,'05/08/2015',68,10),(331,'31/03/2015',63,8),(121,'20/02/2015',74,10),(660,'20/06/2015',99,10),(416,'10/02/2015',60,7),(705,'21/08/2015',7,8),(989,'28/02/2015',75,4),(582,'09/03/2015',93,4),(931,'10/03/2015',84,2),(727,'27/01/2015',22,10),(298,'30/07/2015',80,7),(101,'24/06/2015',6,6),(160,'08/04/2015',40,4),(912,'01/06/2015',17,8),(479,'04/08/2015',13,5),(751,'09/04/2015',60,4),(139,'12/08/2015',91,3),(263,'18/01/2015',34,2),(433,'03/04/2015',56,7),(30,'10/06/2015',10,9),(395,'03/03/2015',40,2),(385,'14/03/2015',91,6),(120,'23/03/2015',58,8),(290,'10/02/2015',21,8),(684,'30/01/2015',54,7),(521,'01/01/2015',72,5),(69,'17/04/2015',89,7),(247,'01/02/2015',97,4),(356,'20/04/2015',17,2),(515,'30/07/2015',98,9),(382,'04/07/2015',40,3),(51,'04/03/2015',52,9),(900,'07/05/2015',83,1),(762,'05/08/2015',87,2),(862,'08/07/2015',69,9),(704,'16/06/2015',44,10),(614,'19/01/2015',5,6),(444,'26/01/2015',80,1),(341,'19/04/2015',31,2),(171,'21/09/2015',49,9),(675,'19/05/2015',24,9),(466,'03/09/2015',11,1),(331,'22/04/2015',50,3),(360,'09/09/2015',3,1),(130,'08/06/2015',1,7),(390,'14/04/2015',92,9),(271,'06/03/2015',29,8),(628,'17/02/2015',94,8),(134,'08/05/2015',94,5),(644,'09/06/2015',69,6),(404,'03/08/2015',29,5),(135,'10/05/2015',72,5),(1000,'09/08/2015',78,3),(100,'23/06/2015',14,4),(427,'09/06/2015',9,7),(57,'30/04/2015',5,5),(429,'10/04/2015',78,3),(458,'20/01/2015',6,3),(959,'06/07/2015',25,2),(807,'20/04/2015',2,1),(463,'14/09/2015',41,4),(50,'19/02/2015',21,1),(408,'18/01/2015',100,1),(1000,'17/08/2015',71,6),(184,'15/02/2015',12,2),(9,'18/01/2015',92,5),(763,'07/04/2015',40,9),(938,'12/08/2015',49,8),(561,'31/08/2015',15,8),(260,'20/05/2015',21,8),(782,'03/08/2015',9,8),(187,'01/05/2015',100,5),(440,'15/06/2015',44,6),(182,'07/07/2015',54,2);
INSERT INTO locations3 (NoDVD,DateLocation,NoClient,DureeLocation) VALUES (162,'16/08/2015',96,4),(315,'11/06/2015',90,8),(750,'07/09/2015',74,4),(204,'31/08/2015',63,9),(605,'24/04/2015',2,8),(44,'23/07/2015',2,10),(394,'22/01/2015',40,1),(108,'18/01/2015',17,7),(567,'09/01/2015',60,10),(120,'06/04/2015',95,9),(440,'21/04/2015',15,5),(147,'24/05/2015',61,8),(787,'01/09/2015',26,9),(241,'04/05/2015',66,3),(219,'14/04/2015',84,10),(443,'01/09/2015',88,7),(64,'27/01/2015',8,6),(917,'02/05/2015',37,5),(619,'01/09/2015',85,5),(305,'10/04/2015',26,3),(590,'11/03/2015',68,1),(441,'06/07/2015',94,9),(258,'17/09/2015',1,7),(765,'13/03/2015',78,9),(42,'27/04/2015',3,6),(345,'21/04/2015',41,8),(44,'10/04/2015',43,3),(354,'11/02/2015',32,8),(524,'22/03/2015',58,4),(903,'20/02/2015',68,5),(170,'25/06/2015',37,7),(476,'09/09/2015',20,8),(224,'04/09/2015',61,8),(57,'04/06/2015',17,5),(911,'22/07/2015',46,7),(817,'08/09/2015',80,3),(888,'18/02/2015',68,3),(959,'21/04/2015',51,8),(952,'27/03/2015',73,6),(627,'11/08/2015',31,8),(739,'16/04/2015',16,2),(708,'27/05/2015',96,5),(750,'14/03/2015',58,10),(920,'08/06/2015',48,6),(883,'21/04/2015',53,2),(28,'13/03/2015',49,8),(36,'06/06/2015',75,10),(344,'18/07/2015',3,10),(61,'28/03/2015',50,2),(674,'23/08/2015',52,7),(807,'27/04/2015',80,5),(937,'04/05/2015',37,5),(683,'16/01/2015',9,10),(977,'28/02/2015',68,4),(822,'09/02/2015',23,9),(172,'20/01/2015',84,8),(7,'20/01/2015',42,4),(482,'01/09/2015',51,1),(28,'17/02/2015',63,9),(19,'02/06/2015',67,1),(490,'01/09/2015',14,2),(750,'09/08/2015',25,10),(892,'25/03/2015',70,7),(514,'20/04/2015',29,4),(335,'13/01/2015',81,10),(296,'06/02/2015',15,4),(539,'23/06/2015',9,5),(917,'20/05/2015',52,3),(354,'31/07/2015',8,6),(475,'22/04/2015',52,10),(539,'03/07/2015',10,2),(664,'05/07/2015',76,5),(36,'03/02/2015',93,10),(992,'10/08/2015',85,9),(416,'17/03/2015',90,2),(316,'02/03/2015',45,1),(873,'01/05/2015',60,4),(87,'04/03/2015',44,2),(882,'03/08/2015',32,2),(987,'13/07/2015',3,9),(269,'10/04/2015',70,2),(645,'09/03/2015',97,2),(907,'02/04/2015',4,1),(611,'17/04/2015',20,6),(738,'06/07/2015',5,1),(104,'05/08/2015',89,9),(668,'26/08/2015',88,5),(142,'21/03/2015',36,2),(633,'24/07/2015',79,3),(649,'22/02/2015',26,6),(199,'12/08/2015',74,1),(923,'15/06/2015',72,6),(422,'14/07/2015',94,5),(577,'28/01/2015',74,3),(939,'10/05/2015',95,3),(520,'09/06/2015',3,4),(231,'16/03/2015',2,9),(601,'23/06/2015',40,8),(374,'12/05/2015',27,3),(883,'07/02/2015',39,3);
INSERT INTO locations3 (NoDVD,DateLocation,NoClient,DureeLocation) VALUES (309,'03/08/2015',87,7),(849,'05/03/2015',81,8),(551,'30/06/2015',36,3),(410,'15/05/2015',81,10),(514,'13/09/2015',82,4),(829,'04/09/2015',9,9),(696,'08/04/2015',52,10),(413,'18/01/2015',42,10),(508,'09/03/2015',33,9),(694,'07/01/2015',60,3),(927,'18/02/2015',58,7),(640,'21/02/2015',6,8),(702,'12/04/2015',72,5),(654,'04/05/2015',63,4),(187,'10/07/2015',28,10),(756,'24/08/2015',17,6),(739,'10/05/2015',47,6),(852,'01/04/2015',56,6),(631,'25/05/2015',47,8),(554,'09/09/2015',43,4),(304,'16/04/2015',76,2),(157,'06/05/2015',71,3),(604,'12/05/2015',74,3),(474,'19/05/2015',24,10),(298,'28/02/2015',26,10),(161,'11/07/2015',73,9),(639,'09/09/2015',82,3),(234,'05/04/2015',83,6),(58,'23/08/2015',18,2),(297,'14/07/2015',28,5),(569,'24/08/2015',42,1),(385,'03/05/2015',25,6),(777,'23/03/2015',74,3),(694,'17/05/2015',84,10),(882,'08/07/2015',85,2),(516,'06/05/2015',87,2),(664,'24/04/2015',22,7),(393,'30/06/2015',32,7),(425,'17/08/2015',54,6),(466,'01/01/2015',82,7),(164,'27/02/2015',89,10),(204,'19/03/2015',38,1),(36,'13/07/2015',20,8),(257,'29/06/2015',100,7),(56,'17/01/2015',95,9),(273,'16/09/2015',52,8),(428,'18/09/2015',55,2),(101,'23/06/2015',90,6),(71,'25/04/2015',6,8),(426,'06/03/2015',40,1),(392,'22/05/2015',50,1),(659,'08/06/2015',93,8),(662,'12/04/2015',58,2),(822,'07/05/2015',19,1),(102,'28/07/2015',16,1),(860,'19/02/2015',69,8),(838,'03/06/2015',87,8),(150,'15/08/2015',75,2),(748,'10/05/2015',51,1),(439,'22/08/2015',67,8),(95,'22/05/2015',45,8),(631,'21/04/2015',11,3),(791,'11/01/2015',5,1),(885,'02/02/2015',77,7),(535,'02/07/2015',81,2),(756,'11/07/2015',47,4),(703,'24/07/2015',19,7),(781,'14/08/2015',43,6),(134,'27/08/2015',69,9),(400,'12/02/2015',33,9),(867,'19/09/2015',52,5),(981,'11/03/2015',27,4),(638,'20/07/2015',81,3),(705,'03/02/2015',43,10),(634,'25/01/2015',35,7),(154,'02/05/2015',41,8),(513,'25/06/2015',1,4),(669,'26/01/2015',12,1),(280,'21/01/2015',88,5),(474,'04/05/2015',86,2),(103,'13/09/2015',15,5),(863,'03/08/2015',50,2),(887,'09/05/2015',34,1),(783,'07/02/2015',68,5),(576,'17/04/2015',58,9),(439,'29/08/2015',51,9),(595,'03/04/2015',72,7),(135,'28/07/2015',79,4),(749,'22/06/2015',66,1),(919,'14/03/2015',5,8),(477,'19/05/2015',90,5),(246,'26/05/2015',76,8),(991,'05/03/2015',53,2),(348,'16/09/2015',27,4),(576,'24/02/2015',3,7),(21,'16/09/2015',70,9),(961,'08/05/2015',71,6),(436,'05/07/2015',3,7),(609,'20/03/2015',89,7),(203,'25/08/2015',81,10);
INSERT INTO locations3 (NoDVD,DateLocation,NoClient,DureeLocation) VALUES (226,'30/03/2015',83,6),(92,'05/02/2015',8,3),(223,'14/08/2015',65,7),(227,'28/07/2015',7,10),(725,'16/04/2015',28,2),(80,'01/09/2015',91,8),(228,'15/05/2015',93,1),(150,'12/04/2015',33,3),(363,'02/02/2015',84,1),(491,'03/04/2015',46,2),(210,'17/07/2015',81,7),(879,'25/05/2015',41,6),(78,'04/05/2015',94,1),(401,'14/07/2015',72,8),(448,'09/01/2015',97,1),(684,'04/07/2015',98,3),(353,'10/01/2015',99,9),(322,'30/07/2015',12,3),(489,'27/01/2015',3,8),(847,'01/06/2015',19,10),(590,'24/08/2015',73,9),(139,'16/07/2015',29,5),(636,'25/05/2015',10,7),(953,'02/07/2015',21,8),(25,'18/04/2015',2,1),(107,'14/07/2015',96,3),(522,'14/07/2015',97,4),(474,'06/04/2015',87,5),(508,'31/03/2015',17,3),(233,'23/01/2015',53,1),(29,'27/02/2015',47,2),(49,'03/06/2015',96,9),(569,'24/03/2015',36,5),(93,'07/02/2015',22,8),(789,'29/03/2015',43,10),(32,'22/06/2015',47,1),(967,'04/07/2015',97,6),(576,'04/08/2015',6,8),(861,'27/01/2015',5,2),(969,'30/07/2015',75,10),(470,'03/04/2015',65,6),(187,'16/08/2015',64,6),(260,'14/07/2015',88,5),(376,'26/04/2015',72,6),(523,'04/01/2015',24,8),(690,'19/08/2015',73,1),(172,'07/04/2015',22,9),(946,'02/02/2015',86,10),(230,'10/01/2015',77,1),(826,'15/08/2015',67,4),(285,'19/01/2015',21,2),(596,'29/03/2015',13,4),(819,'16/01/2015',5,3),(417,'04/07/2015',54,2),(863,'14/02/2015',32,7),(421,'16/03/2015',30,8),(852,'02/05/2015',10,5),(355,'15/08/2015',95,3),(594,'29/03/2015',80,1),(103,'02/02/2015',11,8),(449,'16/07/2015',95,6),(662,'20/06/2015',90,1),(136,'28/06/2015',34,7),(294,'25/02/2015',94,4),(741,'06/04/2015',9,1),(875,'02/04/2015',26,6),(677,'28/04/2015',75,10),(447,'30/06/2015',78,10),(72,'15/04/2015',76,2),(286,'28/02/2015',92,1),(49,'17/04/2015',9,4),(426,'05/05/2015',65,8),(772,'15/04/2015',24,3),(841,'08/09/2015',11,10),(747,'11/09/2015',48,1),(131,'13/05/2015',96,4),(677,'04/03/2015',8,4),(143,'27/07/2015',86,1),(764,'30/06/2015',30,3),(717,'07/02/2015',24,10),(781,'19/03/2015',6,5),(863,'17/08/2015',52,1),(192,'04/08/2015',1,5),(343,'24/05/2015',61,8),(472,'07/04/2015',57,4),(737,'03/09/2015',47,1),(292,'14/08/2015',25,9),(189,'16/09/2015',50,1),(755,'15/06/2015',16,3),(888,'20/04/2015',73,1),(99,'13/08/2015',98,6),(216,'11/03/2015',76,4),(730,'14/06/2015',83,5),(285,'23/07/2015',94,5),(888,'10/04/2015',42,10),(577,'18/09/2015',87,5),(132,'13/02/2015',94,8),(930,'17/09/2015',1,7),(707,'29/04/2015',51,9),(543,'15/06/2015',70,1);
INSERT INTO locations3 (NoDVD,DateLocation,NoClient,DureeLocation) VALUES (928,'19/05/2015',65,3),(709,'13/07/2015',27,3),(421,'15/01/2015',79,1),(64,'18/08/2015',63,9),(975,'06/02/2015',95,7),(396,'07/01/2015',31,7),(794,'07/02/2015',6,2),(872,'30/07/2015',82,10),(106,'12/02/2015',21,1),(428,'18/01/2015',15,6),(255,'23/05/2015',94,2),(887,'04/08/2015',14,5),(268,'16/02/2015',29,6),(879,'11/02/2015',14,9),(753,'16/06/2015',63,9),(319,'23/08/2015',72,5),(231,'17/03/2015',20,2),(834,'10/02/2015',42,10),(346,'02/03/2015',41,1),(447,'30/07/2015',56,6),(315,'28/04/2015',70,1),(193,'31/01/2015',65,10),(426,'03/06/2015',24,9),(535,'01/09/2015',12,10),(949,'15/01/2015',70,6),(325,'12/02/2015',59,5),(105,'07/02/2015',82,5),(716,'26/06/2015',93,6),(472,'16/02/2015',65,7),(109,'08/07/2015',97,5),(79,'29/03/2015',27,3),(988,'26/06/2015',30,9),(481,'13/07/2015',52,9),(342,'22/01/2015',55,6),(277,'14/01/2015',69,2),(111,'01/07/2015',85,1),(721,'12/04/2015',65,5),(488,'05/02/2015',69,4),(285,'12/09/2015',100,1),(92,'17/07/2015',79,5),(663,'21/05/2015',96,6),(373,'11/01/2015',75,2),(573,'08/07/2015',7,1),(356,'16/09/2015',24,8),(936,'28/04/2015',26,7),(201,'10/03/2015',60,4),(273,'26/07/2015',37,3),(851,'07/02/2015',100,2),(443,'08/03/2015',49,9),(217,'15/01/2015',53,7),(508,'23/08/2015',65,7),(726,'22/02/2015',2,1),(737,'26/08/2015',72,1),(153,'01/07/2015',77,4),(355,'03/09/2015',63,7),(207,'31/05/2015',70,10),(21,'13/01/2015',58,2),(151,'06/06/2015',81,9),(222,'16/08/2015',48,8),(814,'06/05/2015',20,10),(855,'16/05/2015',56,3),(325,'15/01/2015',86,4),(878,'08/09/2015',22,1),(593,'11/01/2015',40,10),(169,'05/03/2015',37,10),(37,'25/04/2015',40,9),(526,'09/08/2015',14,2),(26,'31/05/2015',83,1),(166,'03/09/2015',27,7),(485,'21/07/2015',9,3),(247,'20/05/2015',23,7),(694,'09/01/2015',46,1),(159,'16/05/2015',20,1),(268,'06/05/2015',54,5),(529,'24/01/2015',70,3),(862,'11/08/2015',94,8),(48,'07/07/2015',39,1),(397,'06/05/2015',90,10),(953,'16/05/2015',97,6),(849,'07/06/2015',45,7),(104,'10/07/2015',50,3),(794,'04/02/2015',69,3),(123,'13/01/2015',77,3),(252,'11/07/2015',97,9),(143,'01/02/2015',65,2),(853,'04/01/2015',31,10),(496,'02/09/2015',90,1),(226,'10/07/2015',63,6),(177,'02/06/2015',71,4),(22,'15/06/2015',23,8),(651,'28/07/2015',6,4),(306,'29/05/2015',84,2),(296,'01/08/2015',44,8),(817,'19/01/2015',1,2),(155,'12/01/2015',65,9),(125,'01/04/2015',27,3),(573,'13/02/2015',57,5),(249,'10/02/2015',54,7),(20,'14/04/2015',84,10),(389,'10/01/2015',33,7);
INSERT INTO locations3 (NoDVD,DateLocation,NoClient,DureeLocation) VALUES (660,'01/04/2015',43,6),(860,'25/01/2015',13,8),(339,'12/02/2015',78,1),(148,'07/07/2015',69,4),(907,'12/05/2015',94,5),(540,'01/01/2015',83,8),(698,'27/04/2015',96,9),(824,'12/05/2015',75,9),(735,'10/03/2015',20,9),(196,'20/04/2015',83,6),(111,'12/06/2015',56,3),(257,'13/06/2015',59,6),(76,'03/06/2015',13,3),(991,'15/06/2015',83,2),(768,'27/06/2015',89,9),(967,'01/07/2015',88,8),(436,'15/04/2015',42,4),(781,'15/06/2015',51,9),(195,'08/07/2015',67,8),(923,'14/08/2015',95,6),(518,'06/07/2015',29,9),(289,'13/07/2015',44,4),(405,'06/07/2015',4,5),(518,'04/04/2015',70,9),(304,'10/08/2015',84,6),(755,'02/03/2015',78,5),(685,'05/03/2015',68,2),(335,'18/02/2015',94,4),(330,'11/07/2015',95,10),(993,'24/04/2015',1,3),(479,'25/04/2015',55,1),(884,'08/06/2015',19,2),(648,'22/07/2015',40,9),(149,'06/08/2015',42,7),(615,'10/08/2015',19,3),(844,'17/01/2015',45,8),(768,'05/07/2015',53,7),(740,'25/05/2015',76,1),(898,'31/08/2015',77,6),(117,'20/06/2015',10,2),(180,'18/02/2015',14,4),(268,'05/04/2015',14,5),(765,'02/09/2015',78,5),(497,'02/03/2015',43,3),(755,'20/08/2015',17,4),(866,'17/04/2015',100,5),(482,'17/09/2015',11,9),(967,'03/08/2015',80,6),(742,'18/06/2015',5,8),(210,'25/07/2015',50,8),(464,'04/06/2015',56,7),(288,'14/03/2015',71,4),(647,'25/07/2015',55,2),(461,'13/02/2015',41,1),(208,'16/04/2015',82,4),(228,'20/04/2015',99,9),(659,'13/09/2015',24,2),(558,'29/04/2015',32,3),(471,'08/01/2015',43,5),(428,'26/02/2015',55,5),(40,'26/03/2015',35,9),(201,'31/05/2015',5,3),(183,'20/06/2015',71,1),(446,'02/06/2015',25,4),(875,'07/06/2015',64,10),(823,'06/03/2015',20,1),(285,'11/04/2015',61,10),(520,'09/08/2015',14,5),(584,'08/09/2015',50,2),(717,'08/03/2015',55,2),(466,'02/06/2015',44,4),(211,'16/09/2015',72,9),(532,'01/01/2015',76,6),(725,'06/05/2015',26,5),(510,'25/04/2015',97,1),(20,'07/01/2015',35,4),(199,'08/03/2015',24,9),(598,'16/09/2015',72,5),(277,'05/01/2015',52,10),(325,'02/01/2015',33,4),(948,'12/08/2015',51,3),(795,'27/06/2015',80,1),(223,'27/03/2015',96,1),(130,'19/08/2015',97,3),(210,'05/04/2015',97,8),(171,'16/08/2015',35,9),(141,'08/02/2015',45,10),(384,'11/07/2015',72,3),(55,'18/02/2015',61,10),(477,'30/08/2015',59,2),(527,'26/07/2015',75,8),(957,'03/08/2015',14,6),(933,'02/09/2015',69,4),(990,'06/08/2015',21,3),(816,'20/09/2015',22,6),(995,'12/02/2015',15,6),(818,'14/04/2015',70,6),(802,'18/08/2015',46,4),(546,'06/05/2015',23,10),(488,'23/02/2015',81,5);
INSERT INTO locations3 (NoDVD,DateLocation,NoClient,DureeLocation) VALUES (894,'16/08/2015',64,10),(628,'22/04/2015',31,5),(264,'23/04/2015',19,10),(167,'30/03/2015',70,10),(601,'30/05/2015',77,5),(521,'23/06/2015',49,5),(224,'25/04/2015',7,5),(674,'04/08/2015',66,10),(955,'13/07/2015',85,2),(47,'25/01/2015',91,9),(14,'29/08/2015',18,5),(74,'12/08/2015',93,9),(464,'09/05/2015',91,9),(232,'11/04/2015',82,6),(246,'04/02/2015',69,8),(407,'10/07/2015',20,6),(424,'15/04/2015',84,1),(233,'04/06/2015',8,3),(824,'03/06/2015',70,9),(877,'10/07/2015',39,5),(71,'12/07/2015',78,7),(684,'29/07/2015',61,1),(330,'06/05/2015',97,3),(901,'08/07/2015',30,10),(345,'31/08/2015',54,2),(21,'23/02/2015',70,8),(282,'21/06/2015',42,9),(232,'08/02/2015',47,8),(369,'19/03/2015',99,10),(421,'01/03/2015',72,3),(52,'12/09/2015',13,4),(270,'29/04/2015',75,8),(843,'06/01/2015',48,1),(805,'23/07/2015',22,2),(480,'21/03/2015',79,3),(257,'22/06/2015',54,1),(186,'17/02/2015',44,7),(719,'05/08/2015',87,5),(176,'02/05/2015',19,2),(670,'31/08/2015',67,4),(62,'29/04/2015',22,9),(748,'24/07/2015',1,9),(15,'17/06/2015',52,7),(811,'07/02/2015',100,4),(697,'10/03/2015',61,5),(31,'27/02/2015',79,9),(161,'10/04/2015',72,3),(852,'12/05/2015',41,5),(182,'19/08/2015',39,5),(929,'22/02/2015',50,6),(286,'15/01/2015',95,6),(927,'13/01/2015',38,8),(63,'27/08/2015',80,3),(755,'05/03/2015',41,9),(535,'02/01/2015',15,1),(423,'23/01/2015',55,1),(22,'16/03/2015',40,1),(613,'16/07/2015',22,10),(908,'18/01/2015',14,3),(56,'09/01/2015',85,5),(166,'06/05/2015',10,9),(40,'10/05/2015',43,9),(612,'01/09/2015',6,1),(746,'12/08/2015',98,7),(602,'29/08/2015',31,9),(365,'08/04/2015',9,2),(777,'25/08/2015',44,4),(743,'04/04/2015',10,7),(396,'27/06/2015',52,10),(248,'17/06/2015',88,8),(355,'21/07/2015',64,8),(588,'22/07/2015',30,7),(598,'02/05/2015',83,3),(560,'21/08/2015',81,6),(806,'01/09/2015',68,4),(922,'07/05/2015',30,7),(298,'01/08/2015',21,1),(271,'20/08/2015',23,4),(849,'05/04/2015',23,6),(55,'14/06/2015',21,10),(664,'23/01/2015',24,4),(694,'01/02/2015',11,4),(253,'18/01/2015',28,7),(546,'03/07/2015',83,6),(649,'14/03/2015',90,2),(186,'12/01/2015',32,1),(184,'29/07/2015',92,8),(215,'09/06/2015',19,3),(239,'02/04/2015',97,5),(378,'28/08/2015',56,3),(793,'20/01/2015',28,6),(906,'01/09/2015',95,2),(823,'17/01/2015',39,3),(995,'22/07/2015',70,5),(457,'29/05/2015',27,7),(842,'11/03/2015',41,7),(464,'02/01/2015',72,1),(711,'25/03/2015',68,9),(964,'16/02/2015',83,4),(456,'15/09/2015',68,9);
INSERT INTO locations3 (NoDVD,DateLocation,NoClient,DureeLocation) VALUES (220,'30/06/2015',48,2),(887,'15/04/2015',84,9),(434,'02/07/2015',22,3),(263,'01/03/2015',43,6),(122,'31/05/2015',53,6),(179,'17/09/2015',26,6),(493,'15/08/2015',77,8),(7,'26/01/2015',49,6),(846,'23/01/2015',36,10),(409,'22/03/2015',21,1),(480,'05/09/2015',61,7),(254,'03/07/2015',27,10),(767,'24/02/2015',66,6),(966,'01/01/2015',25,7),(841,'01/05/2015',2,6),(611,'18/02/2015',18,6),(426,'25/04/2015',4,3),(511,'22/04/2015',7,4),(962,'04/09/2015',32,5),(787,'27/07/2015',22,1),(375,'16/05/2015',81,8),(553,'10/09/2015',31,1),(369,'27/01/2015',85,8),(653,'11/04/2015',24,2),(25,'06/06/2015',52,10),(670,'18/09/2015',77,10),(137,'11/05/2015',13,8),(936,'17/05/2015',18,8),(717,'30/04/2015',23,5),(262,'20/08/2015',67,7),(712,'22/02/2015',65,6),(605,'20/06/2015',88,6),(329,'15/04/2015',79,5),(615,'23/03/2015',45,4),(304,'11/09/2015',19,1),(942,'14/04/2015',96,6),(786,'04/03/2015',67,5),(918,'27/04/2015',8,8),(666,'02/05/2015',14,6),(706,'09/03/2015',51,6),(457,'10/03/2015',25,3),(161,'17/06/2015',84,7),(989,'12/03/2015',63,8),(301,'11/04/2015',71,5),(667,'28/03/2015',7,2),(395,'20/01/2015',65,5),(801,'11/05/2015',70,3),(546,'30/03/2015',100,4),(753,'18/01/2015',1,3),(663,'17/01/2015',21,8),(237,'27/04/2015',76,2),(45,'24/06/2015',23,4),(481,'25/05/2015',14,4),(292,'17/05/2015',69,3),(590,'17/08/2015',72,1),(232,'30/08/2015',90,3),(980,'17/05/2015',71,8),(987,'08/01/2015',62,1),(529,'16/06/2015',68,9),(335,'10/09/2015',70,4),(382,'03/04/2015',55,5),(131,'19/08/2015',56,2),(120,'02/02/2015',71,1),(626,'06/01/2015',84,4),(477,'24/05/2015',68,6),(110,'30/03/2015',53,9),(802,'04/03/2015',31,1),(243,'12/08/2015',90,6),(941,'04/01/2015',10,2),(931,'29/01/2015',81,10),(682,'02/09/2015',82,8),(999,'29/06/2015',25,3),(785,'01/02/2015',53,8),(539,'20/05/2015',80,10),(420,'08/02/2015',38,2),(99,'03/02/2015',50,10),(639,'16/03/2015',12,1),(418,'08/04/2015',21,2),(853,'17/09/2015',31,2),(486,'28/07/2015',96,8),(415,'27/04/2015',97,10),(209,'06/07/2015',5,9),(701,'27/04/2015',71,6),(947,'01/07/2015',9,2),(979,'26/04/2015',46,6),(316,'16/02/2015',48,1),(37,'15/03/2015',1,5),(778,'13/03/2015',2,2),(900,'12/06/2015',19,5),(965,'17/08/2015',36,7),(105,'22/07/2015',15,10),(225,'27/02/2015',90,6),(397,'24/05/2015',5,3),(135,'24/08/2015',41,1),(504,'26/01/2015',73,3),(808,'20/07/2015',70,7),(879,'17/09/2015',94,8),(232,'15/08/2015',88,9),(790,'25/06/2015',32,2),(603,'03/07/2015',23,4);
INSERT INTO locations3 (NoDVD,DateLocation,NoClient,DureeLocation) VALUES (665,'01/05/2015',8,2),(445,'11/04/2015',37,8),(486,'07/04/2015',73,2),(893,'25/05/2015',1,3),(511,'18/05/2015',93,8),(425,'08/07/2015',19,3),(761,'01/07/2015',75,4),(749,'21/02/2015',39,5),(705,'03/04/2015',8,4),(585,'11/06/2015',27,7),(998,'06/01/2015',31,7),(537,'07/08/2015',78,3),(170,'06/07/2015',18,8),(952,'15/08/2015',26,1),(205,'20/03/2015',55,3),(570,'28/03/2015',65,10),(534,'17/09/2015',85,4),(684,'22/04/2015',36,8),(85,'07/04/2015',79,1),(255,'05/04/2015',36,8),(541,'09/05/2015',5,4),(1,'09/03/2015',80,8),(246,'16/06/2015',18,1),(656,'06/07/2015',20,10),(828,'28/06/2015',76,1),(483,'11/05/2015',54,8),(29,'14/05/2015',60,5),(547,'11/02/2015',56,8),(191,'05/09/2015',16,7),(11,'02/04/2015',34,9),(774,'06/04/2015',9,4),(313,'27/06/2015',74,6),(544,'08/02/2015',49,6),(12,'17/03/2015',4,4),(989,'19/05/2015',25,1),(294,'12/06/2015',79,4),(649,'10/07/2015',82,3),(162,'09/07/2015',21,5),(554,'14/01/2015',50,6),(433,'29/01/2015',16,9),(605,'29/03/2015',14,4),(428,'28/08/2015',71,10),(120,'12/04/2015',65,2),(773,'31/08/2015',26,5),(523,'22/04/2015',3,9),(160,'26/05/2015',70,5),(498,'24/02/2015',61,5),(211,'15/07/2015',71,5),(852,'01/08/2015',30,1),(487,'24/07/2015',40,10),(556,'05/05/2015',32,7),(712,'21/02/2015',60,4),(333,'24/03/2015',72,7),(494,'12/05/2015',67,9),(287,'19/01/2015',10,2),(682,'12/04/2015',26,7),(152,'19/04/2015',21,9),(220,'12/01/2015',54,4),(56,'28/01/2015',100,8),(5,'23/03/2015',93,4),(631,'27/08/2015',98,6),(780,'26/08/2015',82,3),(889,'10/01/2015',12,5),(878,'28/06/2015',10,1),(163,'15/07/2015',43,5),(419,'01/06/2015',92,5),(144,'03/03/2015',63,9),(562,'17/01/2015',39,5),(459,'07/08/2015',17,8),(80,'05/09/2015',57,7),(648,'18/01/2015',68,4),(351,'10/07/2015',42,9),(275,'18/04/2015',12,4),(302,'02/01/2015',26,9),(379,'18/03/2015',99,5),(688,'16/08/2015',7,6),(963,'03/03/2015',47,3),(906,'19/04/2015',67,4),(295,'10/01/2015',75,2),(851,'21/09/2015',41,8),(678,'18/04/2015',98,6),(559,'26/08/2015',89,5),(90,'04/04/2015',73,4),(604,'28/07/2015',95,7),(906,'28/07/2015',32,1),(633,'19/05/2015',20,6),(377,'14/06/2015',56,9),(13,'13/04/2015',55,10),(558,'16/04/2015',88,5),(898,'01/04/2015',93,7),(119,'17/05/2015',11,9),(11,'28/05/2015',88,7),(925,'13/05/2015',22,4),(271,'14/01/2015',65,10),(215,'23/07/2015',17,6),(205,'07/06/2015',70,5),(956,'30/05/2015',73,3),(734,'12/07/2015',55,8),(976,'18/07/2015',65,7),(368,'13/06/2015',41,6);
INSERT INTO locations3 (NoDVD,DateLocation,NoClient,DureeLocation) VALUES (200,'04/07/2015',77,2),(694,'28/07/2015',34,9),(772,'28/03/2015',100,8),(710,'06/09/2015',53,6),(491,'14/07/2015',84,2),(878,'16/03/2015',15,10),(382,'29/05/2015',98,9),(98,'23/08/2015',79,1),(303,'02/03/2015',51,3),(731,'12/08/2015',23,10),(605,'08/04/2015',48,1),(154,'07/08/2015',90,1),(637,'16/07/2015',46,1),(274,'10/07/2015',99,10),(154,'06/09/2015',69,9),(575,'26/06/2015',58,7),(84,'16/09/2015',48,4),(666,'02/04/2015',21,5),(391,'01/07/2015',58,3),(887,'25/03/2015',75,8),(712,'16/04/2015',59,2),(457,'09/05/2015',37,3),(576,'18/08/2015',5,6),(583,'17/09/2015',27,3),(615,'06/04/2015',23,10),(822,'23/05/2015',12,7),(862,'05/09/2015',91,6),(827,'12/09/2015',75,9),(648,'14/04/2015',20,2),(299,'27/08/2015',17,1),(367,'24/01/2015',63,9),(527,'07/03/2015',52,7),(87,'27/05/2015',33,2),(954,'23/08/2015',7,10),(605,'12/09/2015',51,10),(200,'03/06/2015',87,5),(94,'04/06/2015',3,6),(600,'17/05/2015',6,3),(184,'25/01/2015',90,1),(910,'21/01/2015',52,1),(241,'28/01/2015',75,8),(303,'06/06/2015',49,4),(332,'30/01/2015',90,9),(530,'18/09/2015',22,3),(822,'29/07/2015',83,8),(779,'23/06/2015',52,4),(170,'17/06/2015',41,3),(499,'04/04/2015',74,2),(727,'22/04/2015',31,9),(150,'10/05/2015',56,9),(640,'08/05/2015',15,3),(716,'21/02/2015',91,2),(326,'09/07/2015',14,10),(16,'02/03/2015',33,10),(499,'16/03/2015',52,3),(351,'22/05/2015',90,3),(182,'20/05/2015',73,10),(511,'02/02/2015',98,6),(535,'02/03/2015',90,5),(698,'31/08/2015',47,8),(677,'01/07/2015',43,9),(768,'01/09/2015',25,4),(21,'13/03/2015',27,1),(633,'29/04/2015',71,10),(793,'17/03/2015',46,4),(202,'16/02/2015',99,9),(637,'10/05/2015',80,6),(230,'22/05/2015',74,6),(566,'16/03/2015',41,5),(291,'03/04/2015',90,1),(727,'18/09/2015',51,6),(795,'23/02/2015',96,6),(887,'15/02/2015',2,2),(576,'25/01/2015',77,3),(778,'20/03/2015',22,9),(569,'17/04/2015',71,9),(132,'13/08/2015',67,6),(818,'11/04/2015',62,2),(568,'06/07/2015',12,6),(560,'28/05/2015',80,5),(539,'03/02/2015',54,4),(250,'07/05/2015',83,5),(626,'06/06/2015',96,1),(397,'03/06/2015',4,4),(312,'14/03/2015',97,5),(674,'17/08/2015',12,7),(89,'02/04/2015',69,5),(836,'13/07/2015',1,7),(415,'07/03/2015',39,1),(844,'24/04/2015',45,6),(799,'20/04/2015',16,8),(307,'15/05/2015',8,5),(438,'07/07/2015',94,3),(523,'16/03/2015',70,6),(251,'10/03/2015',7,9),(269,'08/08/2015',98,3),(115,'27/02/2015',43,10),(133,'15/08/2015',75,10),(971,'28/05/2015',12,10),(715,'04/02/2015',9,5);
INSERT INTO locations3 (NoDVD,DateLocation,NoClient,DureeLocation) VALUES (947,'07/09/2015',90,5),(990,'14/09/2015',9,2),(974,'02/08/2015',75,7),(681,'18/01/2015',24,7),(528,'18/02/2015',77,4),(193,'11/08/2015',96,2),(359,'23/06/2015',87,9),(175,'25/07/2015',26,10),(385,'05/05/2015',83,6),(111,'16/04/2015',33,1),(322,'10/04/2015',7,7),(360,'05/04/2015',30,6),(897,'11/09/2015',67,9),(350,'13/06/2015',27,9),(684,'13/07/2015',79,10),(483,'16/03/2015',80,6),(786,'16/02/2015',46,10),(412,'17/03/2015',19,7),(222,'01/02/2015',24,3),(248,'19/04/2015',9,1),(236,'17/02/2015',84,4),(864,'02/06/2015',58,7),(837,'06/03/2015',48,8),(442,'12/07/2015',1,8),(197,'24/03/2015',10,7),(452,'23/05/2015',97,9),(634,'27/06/2015',38,9),(134,'26/07/2015',49,3),(40,'14/02/2015',96,10),(518,'13/01/2015',46,8),(421,'09/04/2015',22,6),(377,'04/02/2015',38,4),(759,'29/03/2015',82,4),(226,'10/05/2015',60,4),(716,'11/03/2015',9,4),(731,'17/04/2015',85,1),(269,'06/04/2015',85,8),(804,'27/01/2015',55,10),(141,'20/07/2015',75,8),(785,'25/01/2015',92,9),(444,'25/02/2015',47,10),(773,'28/01/2015',6,9),(97,'12/01/2015',57,6),(196,'16/08/2015',71,6),(177,'26/07/2015',60,8),(884,'17/02/2015',69,7),(413,'01/02/2015',85,2),(657,'27/05/2015',45,9),(93,'28/06/2015',49,5),(13,'20/02/2015',52,7),(715,'22/06/2015',64,4),(4,'28/07/2015',64,5),(905,'21/08/2015',33,7),(201,'05/06/2015',2,4),(211,'11/05/2015',49,6),(360,'25/05/2015',98,8),(340,'09/03/2015',6,8),(37,'15/02/2015',98,3),(467,'17/06/2015',50,6),(461,'06/04/2015',95,4),(439,'25/02/2015',67,9),(906,'24/04/2015',1,2),(928,'11/06/2015',15,6),(333,'29/08/2015',87,3),(86,'13/08/2015',81,10),(896,'04/07/2015',13,2),(810,'08/08/2015',14,9),(324,'17/06/2015',56,6),(448,'27/04/2015',66,6),(248,'09/08/2015',9,7),(813,'18/04/2015',64,7),(83,'12/06/2015',77,1),(848,'01/04/2015',4,5),(425,'14/08/2015',17,1),(908,'27/04/2015',69,2),(780,'16/09/2015',85,8),(715,'13/08/2015',51,9),(603,'14/05/2015',38,4),(245,'23/03/2015',86,2),(508,'07/06/2015',24,6),(994,'07/09/2015',92,10),(745,'03/04/2015',65,7),(650,'12/07/2015',10,9),(151,'19/09/2015',52,10),(643,'20/01/2015',16,9),(439,'26/06/2015',9,1),(505,'28/07/2015',2,4),(840,'16/04/2015',99,6),(219,'13/04/2015',29,1),(851,'16/03/2015',65,8),(956,'10/03/2015',19,7),(560,'10/03/2015',16,2),(940,'17/05/2015',44,6),(50,'27/08/2015',43,4),(593,'12/09/2015',69,10),(780,'28/04/2015',7,6),(730,'27/05/2015',73,3),(675,'10/06/2015',17,2),(250,'20/05/2015',66,9),(593,'25/06/2015',36,1);
INSERT INTO locations3 (NoDVD,DateLocation,NoClient,DureeLocation) VALUES (252,'31/03/2015',11,2),(807,'19/05/2015',80,5),(657,'26/05/2015',48,9),(25,'02/03/2015',18,2),(501,'04/01/2015',71,5),(681,'11/03/2015',9,10),(639,'26/03/2015',42,9),(162,'31/03/2015',43,6),(266,'03/09/2015',15,2),(621,'06/06/2015',11,5),(452,'08/02/2015',35,2),(446,'22/04/2015',1,9),(510,'19/01/2015',78,2),(711,'13/04/2015',55,4),(843,'24/04/2015',94,5),(627,'14/05/2015',61,9),(831,'19/08/2015',97,3),(763,'30/08/2015',51,3),(57,'21/04/2015',53,10),(945,'22/04/2015',1,10),(308,'28/08/2015',10,9),(842,'22/01/2015',85,1),(880,'07/08/2015',34,7),(69,'19/03/2015',81,10),(19,'04/09/2015',84,8),(221,'12/09/2015',84,10),(532,'11/04/2015',30,2),(569,'27/04/2015',66,10),(882,'22/01/2015',24,2),(224,'05/08/2015',11,1),(417,'14/07/2015',27,8),(372,'31/07/2015',58,8),(430,'17/01/2015',3,3),(269,'09/03/2015',97,2),(990,'20/09/2015',5,1),(703,'04/09/2015',20,6),(877,'18/05/2015',52,3),(767,'22/05/2015',22,4),(758,'20/06/2015',13,2),(525,'02/08/2015',33,3),(661,'02/03/2015',96,6),(187,'06/09/2015',40,1),(818,'10/06/2015',2,10),(774,'21/09/2015',71,3),(712,'21/03/2015',56,3),(172,'18/02/2015',68,2),(294,'27/03/2015',92,10),(791,'20/09/2015',63,2),(848,'25/06/2015',36,10),(824,'08/09/2015',51,3),(795,'10/04/2015',8,10),(764,'29/03/2015',53,7),(33,'24/03/2015',94,3),(519,'07/01/2015',76,1),(920,'17/05/2015',63,7),(458,'16/08/2015',34,5),(969,'12/09/2015',12,4),(597,'10/01/2015',15,8),(198,'30/04/2015',18,8),(501,'06/03/2015',61,7),(923,'01/03/2015',68,1),(327,'29/05/2015',9,10),(993,'26/03/2015',83,10),(755,'31/01/2015',95,9),(943,'20/01/2015',37,3),(932,'05/02/2015',1,1),(142,'10/09/2015',57,1),(337,'04/02/2015',66,7),(62,'08/09/2015',51,10),(364,'27/06/2015',27,2),(109,'21/09/2015',24,10),(691,'26/07/2015',4,9),(914,'08/03/2015',81,7),(391,'12/05/2015',48,10),(695,'09/06/2015',17,9),(897,'14/04/2015',1,9),(75,'20/02/2015',96,10),(488,'03/03/2015',40,1),(220,'03/09/2015',87,9),(114,'15/04/2015',74,9),(303,'11/07/2015',48,2),(626,'30/05/2015',76,5),(295,'15/09/2015',10,3),(423,'17/07/2015',91,1),(92,'25/06/2015',20,2),(586,'30/06/2015',43,8),(368,'17/05/2015',70,5),(921,'01/03/2015',55,8),(233,'07/06/2015',74,9),(841,'28/07/2015',66,1),(572,'21/07/2015',48,8),(934,'03/01/2015',7,6),(406,'21/05/2015',55,8),(348,'17/09/2015',54,6),(641,'08/09/2015',29,2),(987,'05/06/2015',6,8),(396,'12/09/2015',62,2),(973,'19/03/2015',34,2),(756,'16/07/2015',18,4),(724,'24/03/2015',32,10);

